"""Exported from onepiecetopdecks.com""","""ST13-003""","""OP06-106""","""OP06-106""","""OP06-106""","""OP06-106""","""ST13-005""","""ST13-005""","""ST13-007""","""ST13-007""","""ST13-007""","""ST13-007""","""ST13-010""","""ST13-010""","""ST13-011""","""ST13-011""","""ST13-012""","""ST13-013""","""ST13-013""","""ST13-013""","""ST13-013""","""ST13-014""","""ST13-014""","""ST13-014""","""ST13-014""","""ST13-015""","""ST13-015""","""ST13-015""","""ST13-015""","""EB01-056""","""EB01-056""","""EB01-056""","""EB01-056""","""OP07-109""","""OP07-109""","""OP07-109""","""OP07-109""","""OP04-083""","""OP04-083""","""OP04-083""","""OP04-083""","""OP06-086""","""OP06-086""","""OP06-086""","""OP06-086""","""ST13-019""","""ST13-019""","""ST13-019""","""ST13-019""","""EB01-059""","""EB01-059""","""EB01-059"""
"""Exported from onepiecetopdecks.com""","""ST13-003""","""OP06-106""","""OP06-106""","""OP06-106""","""OP06-106""","""ST13-005""","""ST13-007""","""ST13-007""","""ST13-007""","""ST13-007""","""ST13-010""","""ST13-010""","""ST13-011""","""ST13-011""","""ST13-013""","""ST13-013""","""ST13-013""","""ST13-013""","""ST13-014""","""ST13-014""","""ST13-014""","""ST13-014""","""ST13-015""","""ST13-015""","""ST13-015""","""ST13-015""","""EB01-056""","""EB01-056""","""EB01-056""","""EB01-056""","""OP07-109""","""OP07-109""","""OP07-109""","""OP07-109""","""OP02-096""","""OP02-096""","""OP04-083""","""OP04-083""","""OP04-083""","""OP04-083""","""OP05-081""","""OP06-086""","""OP06-086""","""OP06-086""","""OP06-086""","""OP08-079""","""OP08-079""","""ST13-019""","""ST13-019""","""ST13-019""","""ST13-019"""
"""Exported from onepiecetopdecks.com""","""OP07-019""","""OP01-039""","""OP01-039""","""OP01-039""","""OP01-039""","""OP01-033""","""OP01-033""","""OP01-033""","""OP01-033""","""OP01-051""","""OP01-051""","""OP01-051""","""ST02-007""","""ST02-007""","""ST02-007""","""ST02-007""","""ST02-008""","""ST02-008""","""ST02-008""","""ST02-008""","""OP04-031""","""OP04-031""","""OP04-031""","""OP04-031""","""OP05-030""","""OP05-030""","""OP05-030""","""OP05-030""","""OP06-035""","""OP06-035""","""OP06-035""","""OP06-035""","""EB01-012""","""EB01-012""","""EB01-012""","""EB01-012""","""EB01-015""","""EB01-015""","""ST16-004""","""ST16-004""","""ST16-004""","""ST16-004""","""OP07-029""","""OP07-029""","""OP07-029""","""OP08-023""","""OP08-023""","""OP08-023""","""OP08-023""","""OP05-037""","""OP05-037"""
"""Exported from onepiecetopdecks.com""","""OP03-040""","""OP03-041""","""OP03-044""","""OP03-044""","""OP03-044""","""OP03-044""","""OP03-050""","""OP03-050""","""OP04-041""","""OP04-041""","""OP04-041""","""OP04-050""","""OP07-054""","""OP07-054""","""OP07-054""","""OP09-050""","""OP09-050""","""OP09-050""","""OP09-050""","""ST03-017""","""ST03-017""","""ST03-017""","""ST03-017""","""OP01-088""","""OP01-088""","""OP01-088""","""OP01-088""","""OP02-066""","""OP02-066""","""OP02-066""","""OP02-066""","""OP03-054""","""OP03-054""","""OP03-054""","""OP03-054""","""OP03-055""","""OP03-055""","""OP03-055""","""OP03-055""","""OP03-056""","""OP03-056""","""OP03-056""","""OP03-056""","""OP06-059""","""OP06-059""","""OP06-059""","""OP06-059""","""OP07-055""","""OP07-055""","""OP07-055""","""OP07-055"""
"""Exported from onepiecetopdecks.com""","""OP02-093""","""OP02-114""","""OP02-114""","""OP02-114""","""OP02-096""","""OP02-096""","""OP02-098""","""OP02-098""","""ST06-006""","""ST06-006""","""ST06-006""","""ST06-006""","""ST06-008""","""ST06-008""","""ST06-008""","""ST06-008""","""OP02-106""","""OP02-106""","""OP02-106""","""OP02-106""","""OP03-089""","""OP03-089""","""OP03-089""","""OP03-089""","""OP05-091""","""OP05-091""","""OP05-091""","""OP05-091""","""OP05-093""","""OP06-086""","""OP06-086""","""OP06-086""","""OP06-086""","""EB01-046""","""EB01-046""","""EB01-046""","""EB01-046""","""EB01-049""","""EB01-049""","""ST19-002""","""ST19-002""","""ST19-002""","""ST19-002""","""ST19-003""","""ST19-003""","""ST19-003""","""ST19-003""","""OP02-117""","""OP02-117""","""OP02-117""","""OP02-117"""
"""Exported from onepiecetopdecks.com""","""OP07-059""","""OP03-060""","""OP03-060""","""OP03-060""","""OP03-060""","""OP05-074""","""OP05-074""","""OP05-074""","""OP05-074""","""EB01-061""","""EB01-061""","""EB01-061""","""EB01-061""","""OP07-060""","""OP07-060""","""OP07-060""","""OP07-060""","""OP07-065""","""OP07-065""","""OP07-065""","""OP07-065""","""OP07-066""","""OP07-066""","""OP07-066""","""OP07-066""","""OP07-069""","""OP07-069""","""OP07-069""","""OP07-071""","""OP07-071""","""OP07-071""","""OP07-071""","""OP07-072""","""OP07-072""","""OP07-072""","""OP07-072""","""ST18-001""","""ST18-001""","""ST18-001""","""ST18-001""","""ST18-002""","""ST18-002""","""ST18-002""","""OP09-119""","""OP09-119""","""OP09-119""","""OP09-065""","""OP09-065""","""OP09-065""","""OP07-078"""
"""Exported from onepiecetopdecks.com""","""PRB01-001""","""OP01-006""","""OP01-006""","""OP01-006""","""OP01-006""","""OP01-016""","""OP01-016""","""OP01-016""","""OP01-016""","""OP01-013""","""OP01-013""","""OP01-013""","""OP01-013""","""ST01-007""","""ST01-007""","""ST01-007""","""ST01-007""","""ST01-013""","""ST01-013""","""ST01-013""","""ST01-013""","""OP01-022""","""OP01-022""","""OP01-022""","""OP02-015""","""OP02-015""","""OP02-015""","""OP02-015""","""OP04-013""","""OP04-013""","""OP04-013""","""OP04-013""","""EB01-003""","""EB01-003""","""EB01-003""","""EB01-003""","""EB01-006""","""EB01-006""","""EB01-006""","""OP07-015""","""OP07-015""","""OP08-014""","""OP08-014""","""OP08-014""","""OP08-014""","""OP08-118""","""ST01-016""","""ST01-014""","""ST01-014""","""OP04-016""","""OP04-016"""
"""Exported from onepiecetopdecks.com""","""OP05-060""","""OP05-070""","""OP05-074""","""OP05-074""","""OP05-074""","""OP05-074""","""OP06-076""","""OP06-076""","""OP06-076""","""OP06-076""","""EB01-061""","""EB01-061""","""OP07-064""","""OP07-064""","""OP07-064""","""OP07-064""","""OP08-069""","""OP08-069""","""ST18-001""","""ST18-001""","""ST18-001""","""ST18-001""","""ST18-002""","""ST18-002""","""ST18-002""","""ST18-003""","""ST18-003""","""ST18-003""","""ST18-003""","""ST18-004""","""ST18-004""","""ST18-004""","""ST18-004""","""ST18-005""","""ST18-005""","""ST18-005""","""ST18-005""","""OP09-119""","""OP09-119""","""OP09-065""","""OP09-065""","""OP09-069""","""OP09-069""","""OP09-069""","""OP09-069""","""OP09-071""","""OP09-071""","""OP09-078""","""OP09-078""","""OP09-078""","""OP09-078"""
"""Exported from onepiecetopdecks.com""","""OP09-081""","""OP04-089""","""OP05-088""","""OP05-088""","""EB01-048""","""EB01-048""","""EB01-048""","""EB01-048""","""OP09-083""","""OP09-083""","""OP09-083""","""OP09-083""","""OP09-086""","""OP09-086""","""OP09-086""","""OP09-086""","""OP09-088""","""OP09-088""","""OP09-088""","""OP09-088""","""OP09-089""","""OP09-089""","""OP09-089""","""OP09-089""","""OP09-090""","""OP09-090""","""OP09-090""","""OP09-090""","""OP09-091""","""OP09-091""","""OP09-093""","""OP09-093""","""OP09-093""","""OP09-093""","""OP09-095""","""OP09-095""","""OP09-095""","""OP09-095""","""EB01-051""","""EB01-051""","""EB01-051""","""EB01-051""","""OP09-096""","""OP09-096""","""OP09-096""","""OP09-096""","""OP09-098""","""OP09-098""","""OP09-099""","""OP09-099""","""OP09-099"""
"""Exported from onepiecetopdecks.com""","""OP09-081""","""ST08-007""","""ST08-007""","""ST08-007""","""ST08-007""","""EB01-048""","""EB01-048""","""EB01-048""","""EB01-048""","""OP09-083""","""OP09-083""","""OP09-083""","""OP09-083""","""OP09-086""","""OP09-086""","""OP09-086""","""OP09-086""","""OP09-088""","""OP09-088""","""OP09-088""","""OP09-089""","""OP09-089""","""OP09-089""","""OP09-089""","""OP09-090""","""OP09-090""","""OP09-090""","""OP09-090""","""OP09-093""","""OP09-093""","""OP09-093""","""OP09-093""","""OP09-095""","""OP09-095""","""OP09-095""","""OP09-095""","""EB01-051""","""EB01-051""","""EB01-051""","""EB01-051""","""OP09-096""","""OP09-096""","""OP09-096""","""OP09-096""","""OP09-098""","""OP09-098""","""OP09-098""","""OP09-099""","""OP09-099""","""OP09-099""","""OP09-099"""
"""Exported from onepiecetopdecks.com""","""OP01-060""","""ST03-004""","""ST03-004""","""ST03-004""","""OP01-077""","""OP01-077""","""OP03-044""","""OP06-047""","""OP06-047""","""OP06-047""","""EB01-023""","""EB01-023""","""EB01-023""","""EB01-023""","""OP07-040""","""OP07-040""","""OP07-040""","""OP07-045""","""OP07-045""","""OP07-045""","""OP07-045""","""OP07-046""","""OP07-046""","""OP07-046""","""OP07-046""","""OP07-047""","""OP07-047""","""OP07-047""","""OP07-047""","""OP08-047""","""OP08-047""","""OP08-047""","""OP08-047""","""ST17-002""","""ST17-002""","""ST17-002""","""ST17-002""","""ST17-003""","""ST17-003""","""ST17-003""","""ST17-003""","""ST17-004""","""ST17-004""","""ST17-004""","""ST17-004""","""ST17-005""","""ST17-005""","""ST17-005""","""ST17-005""","""OP04-056""","""OP04-056"""
"""Exported from onepiecetopdecks.com""","""OP05-060""","""ST10-010""","""ST10-010""","""OP05-070""","""OP05-074""","""OP05-074""","""OP05-074""","""OP05-074""","""OP06-076""","""OP06-076""","""OP06-076""","""OP06-076""","""OP07-064""","""OP07-064""","""OP07-064""","""OP07-064""","""OP08-069""","""OP08-069""","""OP08-069""","""ST18-001""","""ST18-001""","""ST18-001""","""ST18-001""","""ST18-002""","""ST18-002""","""ST18-002""","""ST18-003""","""ST18-003""","""ST18-003""","""ST18-003""","""ST18-004""","""ST18-004""","""ST18-004""","""ST18-004""","""ST18-005""","""ST18-005""","""ST18-005""","""ST18-005""","""OP09-065""","""OP09-065""","""OP09-065""","""OP09-069""","""OP09-069""","""OP09-069""","""OP09-069""","""OP09-071""","""OP09-071""","""OP09-078""","""OP09-078""","""OP09-078""","""OP09-078"""
"""Exported from onepiecetopdecks.com""","""OP09-081""","""EB01-048""","""EB01-048""","""EB01-048""","""EB01-048""","""OP09-083""","""OP09-083""","""OP09-083""","""OP09-083""","""OP09-086""","""OP09-086""","""OP09-086""","""OP09-086""","""OP09-088""","""OP09-088""","""OP09-088""","""OP09-088""","""OP09-089""","""OP09-089""","""OP09-089""","""OP09-089""","""OP09-090""","""OP09-090""","""OP09-090""","""OP09-090""","""OP09-091""","""OP09-091""","""OP09-091""","""OP09-093""","""OP09-093""","""OP09-093""","""OP09-093""","""OP09-095""","""OP09-095""","""OP09-095""","""OP09-095""","""EB01-051""","""EB01-051""","""EB01-051""","""EB01-051""","""OP09-096""","""OP09-096""","""OP09-096""","""OP09-096""","""OP09-098""","""OP09-098""","""OP09-098""","""OP09-099""","""OP09-099""","""OP09-099""","""OP09-099"""
"""Exported from onepiecetopdecks.com""","""OP01-060""","""ST03-004""","""ST03-004""","""OP01-077""","""OP01-077""","""OP01-077""","""OP01-077""","""OP03-044""","""OP06-047""","""OP06-047""","""OP06-047""","""EB01-023""","""EB01-023""","""EB01-023""","""EB01-023""","""OP07-040""","""OP07-040""","""OP07-040""","""OP07-040""","""OP07-045""","""OP07-045""","""OP07-045""","""OP07-045""","""OP07-046""","""OP07-046""","""OP07-046""","""OP07-046""","""OP07-047""","""OP07-047""","""OP07-047""","""OP08-047""","""OP08-047""","""OP08-047""","""OP08-047""","""ST17-002""","""ST17-002""","""ST17-002""","""ST17-002""","""ST17-003""","""ST17-003""","""ST17-003""","""ST17-004""","""ST17-004""","""ST17-004""","""ST17-004""","""ST17-005""","""ST17-005""","""ST17-005""","""ST17-005""","""OP07-057""","""OP07-057"""
"""Exported from onepiecetopdecks.com""","""OP01-060""","""ST03-005""","""ST03-005""","""ST03-005""","""ST03-005""","""ST03-004""","""ST03-004""","""ST03-004""","""ST03-004""","""OP06-047""","""OP06-047""","""EB01-023""","""EB01-023""","""EB01-023""","""EB01-023""","""OP07-040""","""OP07-040""","""OP07-040""","""OP07-040""","""OP07-045""","""OP07-045""","""OP07-045""","""OP07-045""","""OP07-046""","""OP07-046""","""OP07-046""","""OP07-046""","""OP07-047""","""OP07-047""","""ST17-001""","""ST17-001""","""ST17-002""","""ST17-002""","""ST17-002""","""ST17-002""","""ST17-003""","""ST17-003""","""ST17-003""","""ST17-003""","""ST17-004""","""ST17-004""","""ST17-004""","""ST17-004""","""ST17-005""","""ST17-005""","""ST17-005""","""ST17-005""","""ST03-015""","""ST03-015""","""ST03-015""","""ST03-015"""
"""Exported from onepiecetopdecks.com""","""ST13-003""","""OP06-106""","""OP06-106""","""OP06-106""","""OP06-106""","""ST13-005""","""ST13-005""","""ST13-007""","""ST13-007""","""ST13-007""","""ST13-007""","""ST13-010""","""ST13-010""","""ST13-011""","""ST13-011""","""ST13-012""","""ST13-013""","""ST13-013""","""ST13-013""","""ST13-013""","""ST13-014""","""ST13-014""","""ST13-014""","""ST13-014""","""ST13-015""","""ST13-015""","""ST13-015""","""ST13-015""","""EB01-056""","""EB01-056""","""EB01-056""","""EB01-056""","""OP07-109""","""OP07-109""","""OP07-109""","""OP07-109""","""OP04-083""","""OP04-083""","""OP04-083""","""OP04-083""","""OP06-086""","""OP06-086""","""OP06-086""","""OP06-086""","""ST13-019""","""ST13-019""","""ST13-019""","""ST13-019""","""EB01-059""","""EB01-059""","""EB01-059"""
"""Exported from onepiecetopdecks.com""","""OP01-060""","""ST03-004""","""ST03-004""","""ST03-004""","""OP01-077""","""OP01-077""","""OP01-077""","""OP01-077""","""OP06-047""","""OP06-047""","""OP06-047""","""EB01-023""","""EB01-023""","""EB01-023""","""EB01-023""","""OP07-040""","""OP07-040""","""OP07-040""","""OP07-040""","""OP07-045""","""OP07-045""","""OP07-045""","""OP07-045""","""OP07-046""","""OP07-046""","""OP07-046""","""OP07-046""","""OP07-047""","""OP07-047""","""OP07-047""","""OP07-047""","""OP08-047""","""OP08-047""","""OP08-047""","""ST17-002""","""ST17-002""","""ST17-002""","""ST17-002""","""ST17-003""","""ST17-003""","""ST17-003""","""ST17-003""","""ST17-004""","""ST17-004""","""ST17-004""","""ST17-004""","""ST17-005""","""ST17-005""","""ST17-005""","""OP07-057""","""OP07-057"""
"""Exported from onepiecetopdecks.com""","""OP09-081""","""EB01-048""","""EB01-048""","""EB01-048""","""EB01-048""","""OP09-083""","""OP09-083""","""OP09-083""","""OP09-083""","""OP09-084""","""OP09-084""","""OP09-086""","""OP09-086""","""OP09-086""","""OP09-086""","""OP09-088""","""OP09-088""","""OP09-088""","""OP09-089""","""OP09-089""","""OP09-089""","""OP09-089""","""OP09-090""","""OP09-090""","""OP09-090""","""OP09-090""","""OP09-091""","""OP09-091""","""OP09-093""","""OP09-093""","""OP09-093""","""OP09-093""","""OP09-095""","""OP09-095""","""OP09-095""","""OP09-095""","""EB01-051""","""EB01-051""","""EB01-051""","""EB01-051""","""OP09-096""","""OP09-096""","""OP09-096""","""OP09-096""","""OP09-098""","""OP09-098""","""OP09-098""","""OP09-099""","""OP09-099""","""OP09-099""","""OP09-099"""
"""Exported from onepiecetopdecks.com""","""OP03-040""","""OP03-044""","""OP03-044""","""OP03-044""","""OP03-044""","""OP03-048""","""OP03-050""","""OP03-050""","""OP03-050""","""OP03-050""","""OP07-054""","""OP07-054""","""OP09-050""","""OP09-050""","""OP09-050""","""OP09-050""","""ST03-017""","""ST03-017""","""ST03-017""","""ST03-017""","""OP01-086""","""OP01-088""","""OP01-088""","""OP01-088""","""OP01-088""","""OP02-067""","""OP02-067""","""OP02-066""","""OP02-066""","""OP02-066""","""OP02-066""","""OP03-054""","""OP03-054""","""OP03-054""","""OP03-054""","""OP03-055""","""OP03-055""","""OP03-055""","""OP03-055""","""OP03-056""","""OP03-056""","""OP03-056""","""OP03-056""","""OP06-059""","""OP06-059""","""OP06-059""","""OP06-059""","""OP07-055""","""OP07-055""","""OP07-055""","""OP07-055"""
"""Exported from onepiecetopdecks.com""","""ST13-003""","""OP06-106""","""OP06-106""","""OP06-106""","""OP06-106""","""ST13-005""","""ST13-005""","""ST13-007""","""ST13-007""","""ST13-007""","""ST13-007""","""ST13-010""","""ST13-010""","""ST13-011""","""ST13-011""","""ST13-013""","""ST13-013""","""ST13-013""","""ST13-013""","""ST13-014""","""ST13-014""","""ST13-014""","""ST13-014""","""ST13-015""","""ST13-015""","""ST13-015""","""ST13-015""","""EB01-056""","""EB01-056""","""EB01-056""","""EB01-056""","""OP07-109""","""OP07-109""","""OP07-109""","""OP07-109""","""OP02-096""","""OP02-096""","""OP04-083""","""OP04-083""","""OP04-083""","""OP04-083""","""OP05-081""","""OP05-081""","""OP06-086""","""OP06-086""","""OP06-086""","""OP06-086""","""ST13-019""","""ST13-019""","""ST13-019""","""ST13-019"""
"""Exported from onepiecetopdecks.com""","""ST13-003""","""OP06-106""","""OP06-106""","""OP06-106""","""OP06-106""","""ST13-005""","""ST13-005""","""ST13-007""","""ST13-007""","""ST13-007""","""ST13-007""","""ST13-010""","""ST13-010""","""ST13-011""","""ST13-011""","""ST13-012""","""ST13-012""","""ST13-013""","""ST13-013""","""ST13-013""","""ST13-013""","""ST13-014""","""ST13-014""","""ST13-014""","""ST13-014""","""ST13-015""","""ST13-015""","""ST13-015""","""ST13-015""","""EB01-056""","""EB01-056""","""EB01-056""","""EB01-056""","""OP07-109""","""OP07-109""","""OP07-109""","""OP07-109""","""OP02-096""","""OP04-083""","""OP04-083""","""OP04-083""","""OP04-083""","""OP06-086""","""OP06-086""","""OP06-086""","""ST13-019""","""ST13-019""","""ST13-019""","""ST13-019""","""EB01-059""","""EB01-059""","""EB01-059"""
"""Exported from onepiecetopdecks.com""","""OP06-021""","""OP02-114""","""OP02-114""","""OP02-114""","""OP02-106""","""OP02-106""","""OP04-083""","""OP04-083""","""OP04-083""","""OP05-081""","""OP05-081""","""OP05-081""","""OP05-081""","""OP06-086""","""OP06-086""","""OP06-086""","""OP06-086""","""OP08-079""","""OP08-079""","""OP09-093""","""OP09-093""","""OP01-033""","""OP01-033""","""OP01-033""","""OP01-041""","""OP01-041""","""OP01-041""","""OP01-041""","""OP05-030""","""OP05-030""","""OP05-030""","""OP05-030""","""OP06-036""","""OP06-036""","""OP06-036""","""OP06-036""","""OP07-022""","""OP07-022""","""OP07-022""","""OP07-022""","""EB01-013""","""EB01-013""","""ST16-004""","""OP02-117""","""OP02-117""","""OP02-117""","""OP02-117""","""OP01-055""","""OP01-055""","""OP01-055""","""OP01-055"""
"""Exported from onepiecetopdecks.com""","""OP06-080""","""OP02-114""","""OP02-114""","""OP02-114""","""OP02-114""","""OP02-096""","""OP02-096""","""OP02-099""","""OP02-099""","""OP02-099""","""OP02-099""","""ST06-006""","""ST06-006""","""ST06-006""","""ST06-006""","""OP02-106""","""OP02-106""","""OP02-106""","""OP02-106""","""OP03-089""","""OP03-089""","""OP03-089""","""OP03-089""","""OP04-083""","""OP04-083""","""OP04-083""","""OP04-083""","""OP06-081""","""OP06-081""","""OP06-081""","""OP06-081""","""OP06-086""","""OP06-086""","""OP06-086""","""OP06-086""","""OP06-090""","""OP06-090""","""OP06-090""","""OP06-090""","""OP06-091""","""OP06-091""","""OP06-091""","""OP06-091""","""OP06-093""","""OP06-093""","""OP06-093""","""OP06-093""","""OP02-117""","""OP02-117""","""OP02-117""","""OP02-117"""
"""Exported from onepiecetopdecks.com""","""OP07-079""","""OP02-106""","""OP02-106""","""OP02-106""","""OP02-106""","""OP03-080""","""OP03-080""","""OP03-080""","""OP03-080""","""OP03-081""","""OP03-081""","""OP03-081""","""OP03-081""","""OP03-086""","""OP03-086""","""OP03-086""","""OP03-086""","""OP04-083""","""OP05-091""","""OP05-091""","""OP05-091""","""OP05-091""","""OP05-093""","""OP05-093""","""OP05-093""","""OP05-093""","""OP06-086""","""OP06-086""","""OP06-086""","""OP06-086""","""EB01-043""","""EB01-043""","""EB01-046""","""EB01-046""","""EB01-046""","""EB01-046""","""OP07-118""","""OP07-080""","""OP08-079""","""OP08-079""","""OP08-084""","""OP08-091""","""OP02-117""","""OP02-117""","""OP02-117""","""OP02-117""","""OP03-097""","""OP07-096""","""OP07-096""","""OP07-096""","""OP07-096"""
"""Exported from onepiecetopdecks.com""","""OP03-099""","""OP03-112""","""OP03-112""","""OP03-112""","""OP03-112""","""OP03-113""","""OP03-113""","""OP03-113""","""OP03-123""","""OP03-123""","""OP03-114""","""OP03-114""","""OP03-114""","""OP03-114""","""ST07-010""","""ST07-010""","""OP04-100""","""OP04-100""","""OP04-100""","""OP04-100""","""OP05-102""","""OP05-102""","""OP05-102""","""OP05-105""","""OP05-105""","""OP05-105""","""OP05-105""","""OP06-101""","""OP06-101""","""OP06-104""","""OP06-104""","""OP06-104""","""OP07-109""","""OP07-109""","""OP08-106""","""OP08-106""","""OP08-106""","""OP08-106""","""ST20-003""","""ST20-003""","""ST20-003""","""ST20-003""","""OP09-107""","""OP09-107""","""OP09-107""","""OP06-115""","""OP06-115""","""OP06-115""","""OP06-115""","""OP07-116""","""OP07-116"""
"""Exported from onepiecetopdecks.com""","""OP09-081""","""EB01-048""","""EB01-048""","""EB01-048""","""EB01-048""","""OP09-083""","""OP09-083""","""OP09-083""","""OP09-083""","""OP09-086""","""OP09-086""","""OP09-086""","""OP09-086""","""OP09-088""","""OP09-088""","""OP09-088""","""OP09-088""","""OP09-089""","""OP09-089""","""OP09-089""","""OP09-089""","""OP09-090""","""OP09-090""","""OP09-090""","""OP09-090""","""OP09-091""","""OP09-091""","""OP09-091""","""OP09-093""","""OP09-093""","""OP09-093""","""OP09-093""","""OP09-095""","""OP09-095""","""OP09-095""","""OP09-095""","""EB01-051""","""EB01-051""","""EB01-051""","""EB01-051""","""OP09-096""","""OP09-096""","""OP09-096""","""OP09-096""","""OP09-098""","""OP09-098""","""OP09-098""","""OP09-099""","""OP09-099""","""OP09-099""","""OP09-099"""
"""Exported from onepiecetopdecks.com""","""OP07-097""","""OP03-123""","""OP03-123""","""OP03-123""","""OP03-123""","""OP04-112""","""OP04-112""","""OP04-112""","""OP04-112""","""EB01-056""","""EB01-056""","""OP07-100""","""OP07-100""","""OP07-100""","""OP07-100""","""OP07-101""","""OP07-101""","""OP07-101""","""OP07-101""","""OP07-104""","""OP07-104""","""OP07-104""","""OP07-109""","""OP07-109""","""OP07-109""","""OP07-109""","""OP07-110""","""OP07-110""","""OP07-110""","""OP07-111""","""OP07-111""","""OP07-111""","""OP07-111""","""OP07-099""","""OP07-099""","""OP08-106""","""OP08-106""","""OP08-106""","""OP08-106""","""EB01-059""","""EB01-059""","""EB01-059""","""EB01-059""","""OP07-115""","""OP07-115""","""OP07-115""","""OP07-115""","""OP09-117""","""OP09-117""","""OP09-117""","""OP09-117"""
"""Exported from onepiecetopdecks.com""","""OP09-081""","""EB01-048""","""EB01-048""","""EB01-048""","""EB01-048""","""OP09-083""","""OP09-083""","""OP09-083""","""OP09-083""","""OP09-086""","""OP09-086""","""OP09-086""","""OP09-086""","""OP09-088""","""OP09-088""","""OP09-088""","""OP09-088""","""OP09-089""","""OP09-089""","""OP09-089""","""OP09-089""","""OP09-090""","""OP09-090""","""OP09-090""","""OP09-090""","""OP09-091""","""OP09-091""","""OP09-091""","""OP09-093""","""OP09-093""","""OP09-093""","""OP09-093""","""OP09-095""","""OP09-095""","""OP09-095""","""OP09-095""","""EB01-051""","""EB01-051""","""EB01-051""","""EB01-051""","""OP09-096""","""OP09-096""","""OP09-096""","""OP09-096""","""OP09-098""","""OP09-098""","""OP09-098""","""OP09-099""","""OP09-099""","""OP09-099""","""OP09-099"""
"""Exported from onepiecetopdecks.com""","""OP01-060""","""ST03-005""","""ST03-005""","""ST03-005""","""ST03-005""","""ST03-004""","""ST03-004""","""OP01-077""","""OP01-077""","""OP01-077""","""OP06-047""","""OP06-047""","""OP06-047""","""EB01-023""","""EB01-023""","""EB01-023""","""EB01-023""","""OP07-045""","""OP07-045""","""OP07-045""","""OP07-045""","""OP07-046""","""OP07-046""","""OP07-046""","""OP07-046""","""OP07-047""","""OP07-047""","""OP07-047""","""OP08-047""","""OP08-047""","""OP08-047""","""OP08-047""","""ST17-002""","""ST17-002""","""ST17-002""","""ST17-002""","""ST17-003""","""ST17-003""","""ST17-003""","""ST17-003""","""ST17-004""","""ST17-004""","""ST17-004""","""ST17-004""","""ST17-005""","""ST17-005""","""ST17-005""","""ST17-005""","""OP06-058""","""OP06-058""","""OP07-057"""
"""Exported from onepiecetopdecks.com""","""OP07-059""","""OP03-060""","""OP03-060""","""OP03-060""","""OP03-060""","""OP05-074""","""OP05-074""","""OP05-074""","""OP05-074""","""OP06-073""","""EB01-061""","""EB01-061""","""EB01-061""","""EB01-061""","""OP07-060""","""OP07-060""","""OP07-060""","""OP07-060""","""OP07-065""","""OP07-065""","""OP07-065""","""OP07-065""","""OP07-066""","""OP07-066""","""OP07-066""","""OP07-066""","""OP07-069""","""OP07-069""","""OP07-069""","""OP07-069""","""OP07-071""","""OP07-071""","""OP07-071""","""OP07-071""","""OP07-072""","""OP07-072""","""OP07-072""","""OP07-072""","""ST18-001""","""ST18-001""","""ST18-001""","""ST18-001""","""ST18-002""","""ST18-002""","""OP09-119""","""OP09-119""","""OP09-119""","""OP09-065""","""OP09-065""","""OP07-078""","""OP07-078"""
"""Exported from onepiecetopdecks.com""","""OP09-001""","""OP01-006""","""OP01-006""","""OP01-006""","""OP01-006""","""OP01-013""","""OP01-013""","""ST15-002""","""ST15-002""","""ST15-002""","""ST15-002""","""OP08-118""","""OP08-118""","""OP08-118""","""OP08-118""","""OP09-002""","""OP09-002""","""OP09-002""","""OP09-004""","""OP09-004""","""OP09-004""","""OP09-005""","""OP09-005""","""OP09-008""","""OP09-008""","""OP09-008""","""OP09-008""","""OP09-009""","""OP09-009""","""OP09-009""","""OP09-009""","""OP09-011""","""OP09-011""","""OP09-011""","""OP09-011""","""OP09-013""","""OP09-013""","""OP09-013""","""OP09-013""","""OP09-014""","""OP09-014""","""OP09-014""","""OP09-014""","""OP09-015""","""OP09-015""","""OP09-015""","""OP09-015""","""OP09-118""","""OP01-029""","""OP01-029""","""OP01-029"""
"""Exported from onepiecetopdecks.com""","""OP05-060""","""ST10-010""","""ST10-010""","""OP05-070""","""OP05-074""","""OP05-074""","""OP05-074""","""OP05-074""","""OP06-076""","""OP06-076""","""OP06-076""","""OP06-076""","""OP07-064""","""OP07-064""","""OP07-064""","""OP07-064""","""OP08-069""","""OP08-069""","""OP08-069""","""ST18-001""","""ST18-001""","""ST18-001""","""ST18-001""","""ST18-002""","""ST18-002""","""ST18-002""","""ST18-003""","""ST18-003""","""ST18-003""","""ST18-003""","""ST18-004""","""ST18-004""","""ST18-004""","""ST18-004""","""ST18-005""","""ST18-005""","""ST18-005""","""ST18-005""","""OP09-065""","""OP09-065""","""OP09-065""","""OP09-069""","""OP09-069""","""OP09-069""","""OP09-069""","""OP09-071""","""OP09-071""","""OP09-078""","""OP09-078""","""OP09-078""","""OP09-078"""
"""Exported from onepiecetopdecks.com""","""OP06-080""","""OP02-096""","""OP02-096""","""OP02-096""","""ST06-008""","""ST06-008""","""ST06-008""","""ST06-010""","""OP02-106""","""OP02-106""","""OP02-106""","""OP02-106""","""OP03-078""","""OP03-078""","""OP03-089""","""OP03-089""","""OP03-089""","""OP03-089""","""OP04-083""","""OP04-083""","""OP04-083""","""OP04-083""","""OP05-091""","""OP05-091""","""OP06-081""","""OP06-081""","""OP06-081""","""OP06-081""","""OP06-086""","""OP06-086""","""OP06-086""","""OP06-086""","""OP06-087""","""OP06-090""","""OP06-090""","""OP06-090""","""OP06-090""","""OP06-091""","""OP06-091""","""OP06-091""","""OP06-091""","""OP06-093""","""OP06-093""","""OP06-093""","""OP06-093""","""EB01-049""","""EB01-049""","""OP09-093""","""OP09-093""","""OP02-117""","""OP02-117"""
"""Exported from onepiecetopdecks.com""","""OP01-060""","""ST03-005""","""ST03-005""","""ST03-005""","""ST03-005""","""ST03-004""","""ST03-004""","""OP01-077""","""OP01-077""","""OP01-077""","""OP01-077""","""OP06-047""","""OP06-047""","""OP06-047""","""EB01-023""","""EB01-023""","""EB01-023""","""EB01-023""","""OP07-040""","""OP07-040""","""OP07-045""","""OP07-045""","""OP07-045""","""OP07-045""","""OP07-046""","""OP07-046""","""OP07-046""","""OP07-046""","""OP07-047""","""OP07-047""","""OP07-047""","""OP07-047""","""OP08-047""","""OP08-047""","""OP08-047""","""OP08-047""","""ST17-002""","""ST17-002""","""ST17-002""","""ST17-002""","""ST17-003""","""ST17-004""","""ST17-004""","""ST17-004""","""ST17-004""","""ST17-005""","""ST17-005""","""ST17-005""","""ST17-005""","""OP07-057""","""OP07-057"""
"""Exported from onepiecetopdecks.com""","""ST13-003""","""OP06-106""","""OP06-106""","""OP06-106""","""OP06-106""","""ST13-005""","""ST13-007""","""ST13-007""","""ST13-007""","""ST13-007""","""ST13-010""","""ST13-010""","""ST13-011""","""ST13-011""","""ST13-012""","""ST13-012""","""ST13-013""","""ST13-013""","""ST13-013""","""ST13-013""","""ST13-014""","""ST13-014""","""ST13-014""","""ST13-014""","""ST13-015""","""ST13-015""","""ST13-015""","""ST13-015""","""EB01-056""","""EB01-056""","""EB01-056""","""EB01-056""","""OP07-109""","""OP07-109""","""OP07-109""","""OP07-109""","""OP02-096""","""OP02-096""","""OP04-083""","""OP04-083""","""OP04-083""","""OP04-083""","""OP06-086""","""OP06-086""","""OP06-086""","""OP06-086""","""ST13-019""","""ST13-019""","""ST13-019""","""ST13-019""","""OP02-117"""
"""Exported from onepiecetopdecks.com""","""OP07-038""","""ST03-005""","""ST03-009""","""OP01-073""","""OP01-073""","""OP01-073""","""OP01-073""","""OP01-077""","""OP01-077""","""OP03-044""","""OP03-044""","""OP03-044""","""OP03-044""","""OP04-044""","""OP04-044""","""OP04-044""","""OP05-118""","""OP06-047""","""OP06-047""","""OP07-040""","""OP07-040""","""OP07-040""","""OP07-040""","""OP07-045""","""OP07-045""","""OP07-045""","""OP07-045""","""OP07-046""","""OP07-046""","""OP07-046""","""OP07-046""","""OP07-047""","""OP07-047""","""OP07-051""","""OP08-047""","""OP08-047""","""OP08-047""","""ST17-002""","""ST17-002""","""ST17-002""","""ST17-002""","""ST17-003""","""ST17-004""","""ST17-004""","""ST17-004""","""ST03-015""","""OP04-056""","""OP04-056""","""OP04-056""","""OP06-058""","""OP06-058"""
"""Exported from onepiecetopdecks.com""","""OP09-061""","""OP05-119""","""OP05-119""","""EB01-061""","""EB01-061""","""EB01-061""","""EB01-061""","""OP07-064""","""OP07-064""","""OP07-064""","""OP07-064""","""OP08-074""","""OP08-074""","""OP08-074""","""OP08-074""","""ST18-002""","""ST18-002""","""OP09-119""","""OP09-119""","""OP09-069""","""OP09-069""","""OP09-069""","""OP09-069""","""OP09-072""","""OP09-072""","""OP09-072""","""OP09-072""","""OP09-076""","""OP09-076""","""OP09-076""","""OP09-076""","""OP05-081""","""OP05-081""","""OP06-086""","""OP06-086""","""OP06-086""","""OP06-086""","""ST14-003""","""ST14-003""","""ST14-003""","""ST14-003""","""OP03-074""","""OP03-074""","""OP03-074""","""OP03-074""","""OP09-078""","""OP09-078""","""OP09-078""","""OP09-078""","""OP02-117""","""OP02-117"""
"""Exported from onepiecetopdecks.com""","""OP09-001""","""OP01-006""","""OP01-006""","""OP01-006""","""OP01-006""","""OP01-013""","""OP01-013""","""OP01-013""","""OP01-013""","""ST15-005""","""ST15-005""","""ST15-005""","""ST15-005""","""OP07-015""","""OP07-015""","""OP07-015""","""OP07-015""","""OP08-118""","""OP08-118""","""OP08-118""","""OP08-118""","""OP09-004""","""OP09-004""","""OP09-004""","""OP09-004""","""OP09-005""","""OP09-005""","""OP09-005""","""OP09-005""","""OP09-009""","""OP09-009""","""OP09-009""","""OP09-009""","""OP09-011""","""OP09-011""","""OP09-011""","""OP09-011""","""OP09-014""","""OP09-014""","""OP09-014""","""OP09-014""","""OP09-118""","""OP09-118""","""OP01-026""","""OP01-026""","""OP01-026""","""OP01-026""","""OP01-029""","""OP01-029""","""OP01-029""","""OP01-029"""
"""Exported from onepiecetopdecks.com""","""OP09-001""","""OP01-006""","""OP01-006""","""OP01-006""","""OP01-006""","""OP01-013""","""OP01-013""","""OP01-013""","""OP01-013""","""ST15-005""","""ST15-005""","""ST15-005""","""ST15-005""","""OP06-007""","""OP07-014""","""OP07-015""","""OP07-015""","""OP07-015""","""OP07-015""","""OP08-015""","""OP08-015""","""OP08-015""","""OP08-015""","""OP09-004""","""OP09-004""","""OP09-004""","""OP09-004""","""OP09-005""","""OP09-005""","""OP09-005""","""OP09-005""","""OP09-009""","""OP09-009""","""OP09-009""","""OP09-009""","""OP09-011""","""OP09-011""","""OP09-011""","""OP09-011""","""OP09-014""","""OP09-014""","""OP09-014""","""OP09-014""","""OP09-118""","""OP09-118""","""OP01-026""","""OP01-026""","""OP01-026""","""OP01-026""","""OP04-016""","""OP04-016"""
"""Exported from onepiecetopdecks.com""","""OP09-081""","""EB01-048""","""EB01-048""","""EB01-048""","""EB01-048""","""OP09-083""","""OP09-083""","""OP09-083""","""OP09-083""","""OP09-086""","""OP09-086""","""OP09-086""","""OP09-086""","""OP09-088""","""OP09-088""","""OP09-088""","""OP09-088""","""OP09-089""","""OP09-089""","""OP09-089""","""OP09-089""","""OP09-090""","""OP09-090""","""OP09-090""","""OP09-090""","""OP09-091""","""OP09-091""","""OP09-093""","""OP09-093""","""OP09-093""","""OP09-093""","""OP09-095""","""OP09-095""","""OP09-095""","""OP09-095""","""OP02-117""","""OP02-117""","""EB01-051""","""EB01-051""","""EB01-051""","""EB01-051""","""OP07-096""","""OP07-096""","""OP09-096""","""OP09-096""","""OP09-096""","""OP09-098""","""OP09-098""","""OP09-098""","""OP09-099""","""OP09-099"""
"""Exported from onepiecetopdecks.com""","""OP09-081""","""EB01-048""","""EB01-048""","""EB01-048""","""EB01-048""","""OP08-084""","""OP08-084""","""OP09-083""","""OP09-083""","""OP09-083""","""OP09-083""","""OP09-086""","""OP09-086""","""OP09-086""","""OP09-086""","""OP09-088""","""OP09-088""","""OP09-088""","""OP09-088""","""OP09-089""","""OP09-089""","""OP09-089""","""OP09-089""","""OP09-090""","""OP09-090""","""OP09-090""","""OP09-090""","""OP09-091""","""OP09-091""","""OP09-093""","""OP09-093""","""OP09-093""","""OP09-093""","""OP09-095""","""OP09-095""","""OP09-095""","""OP09-095""","""OP02-117""","""OP02-117""","""EB01-051""","""EB01-051""","""EB01-051""","""EB01-051""","""OP09-096""","""OP09-096""","""OP09-096""","""OP09-096""","""OP09-098""","""OP09-098""","""OP09-099""","""OP09-099"""
"""Exported from onepiecetopdecks.com""","""OP07-079""","""OP02-106""","""OP02-106""","""OP02-106""","""OP02-106""","""OP03-081""","""OP03-081""","""OP03-081""","""OP03-081""","""OP03-086""","""OP03-086""","""OP03-086""","""OP04-083""","""OP04-083""","""OP04-083""","""OP05-091""","""OP05-091""","""OP05-091""","""OP05-091""","""OP05-093""","""OP05-093""","""OP05-093""","""OP05-093""","""OP06-086""","""OP06-086""","""OP06-086""","""OP06-086""","""EB01-043""","""EB01-043""","""EB01-046""","""EB01-046""","""EB01-046""","""EB01-046""","""OP08-079""","""OP08-079""","""OP08-084""","""OP08-084""","""OP08-084""","""OP08-091""","""OP08-091""","""OP02-117""","""OP02-117""","""OP02-117""","""OP02-117""","""OP03-095""","""OP03-095""","""OP03-097""","""OP07-096""","""OP07-096""","""OP07-096""","""OP07-096"""
"""Exported from onepiecetopdecks.com""","""OP07-059""","""OP03-060""","""OP03-060""","""OP03-060""","""OP03-060""","""OP05-074""","""OP05-074""","""OP05-074""","""OP05-074""","""OP06-073""","""OP06-073""","""OP06-073""","""OP06-073""","""EB01-061""","""EB01-061""","""EB01-061""","""EB01-061""","""OP07-060""","""OP07-060""","""OP07-060""","""OP07-060""","""OP07-065""","""OP07-065""","""OP07-065""","""OP07-065""","""OP07-066""","""OP07-066""","""OP07-066""","""OP07-066""","""OP07-069""","""OP07-069""","""OP07-069""","""OP07-069""","""OP07-071""","""OP07-071""","""OP07-071""","""OP07-071""","""OP07-072""","""OP07-072""","""OP07-072""","""OP07-072""","""ST18-001""","""ST18-001""","""ST18-001""","""ST18-001""","""OP09-119""","""OP09-119""","""OP09-119""","""OP09-119""","""OP09-065""","""OP09-065"""
"""Exported from onepiecetopdecks.com""","""OP09-042""","""P-084""","""P-084""","""P-084""","""P-084""","""OP02-064""","""OP02-064""","""OP02-064""","""OP02-064""","""OP06-047""","""OP06-047""","""EB01-027""","""EB01-027""","""EB01-027""","""EB01-027""","""OP08-047""","""OP08-047""","""OP09-045""","""OP09-045""","""OP09-045""","""OP09-045""","""OP09-046""","""OP09-046""","""OP09-046""","""OP09-046""","""OP09-048""","""OP09-048""","""OP09-048""","""OP09-048""","""OP09-051""","""OP09-051""","""OP09-051""","""OP09-051""","""OP09-053""","""OP09-053""","""OP09-053""","""OP09-053""","""OP09-055""","""OP09-055""","""OP09-055""","""OP09-055""","""OP09-056""","""OP09-056""","""OP09-056""","""OP09-056""","""OP03-056""","""OP03-056""","""OP03-056""","""OP03-056""","""OP09-060""","""OP09-060"""
"""Exported from onepiecetopdecks.com""","""OP09-081""","""EB01-048""","""EB01-048""","""EB01-048""","""EB01-048""","""OP08-084""","""OP08-084""","""OP09-083""","""OP09-083""","""OP09-083""","""OP09-083""","""OP09-086""","""OP09-086""","""OP09-086""","""OP09-086""","""OP09-088""","""OP09-088""","""OP09-088""","""OP09-088""","""OP09-089""","""OP09-089""","""OP09-089""","""OP09-089""","""OP09-090""","""OP09-090""","""OP09-090""","""OP09-090""","""OP09-091""","""OP09-091""","""OP09-093""","""OP09-093""","""OP09-093""","""OP09-093""","""OP09-095""","""OP09-095""","""OP09-095""","""OP09-095""","""EB01-051""","""EB01-051""","""EB01-051""","""EB01-051""","""OP09-096""","""OP09-096""","""OP09-096""","""OP09-096""","""OP09-098""","""OP09-098""","""OP09-098""","""OP09-099""","""OP09-099""","""OP09-099"""
"""Exported from onepiecetopdecks.com""","""OP01-060""","""ST03-005""","""ST03-005""","""ST03-005""","""ST03-004""","""ST03-004""","""ST03-004""","""OP01-077""","""OP01-077""","""OP06-047""","""OP06-047""","""OP06-047""","""OP06-047""","""EB01-023""","""EB01-023""","""EB01-023""","""EB01-023""","""OP07-045""","""OP07-045""","""OP07-045""","""OP07-045""","""OP07-046""","""OP07-046""","""OP07-046""","""OP07-046""","""OP07-047""","""OP07-047""","""OP07-047""","""OP07-047""","""OP08-047""","""OP08-047""","""OP08-047""","""OP08-047""","""ST17-002""","""ST17-002""","""ST17-002""","""ST17-002""","""ST17-003""","""ST17-003""","""ST17-003""","""ST17-003""","""ST17-004""","""ST17-004""","""ST17-004""","""ST17-004""","""ST17-005""","""ST17-005""","""ST17-005""","""ST17-005""","""OP07-057""","""OP07-057"""
"""Exported from onepiecetopdecks.com""","""OP03-040""","""OP03-041""","""OP03-044""","""OP03-044""","""OP03-044""","""OP03-044""","""OP03-050""","""OP03-050""","""OP03-050""","""OP04-041""","""OP04-041""","""OP04-041""","""OP07-054""","""OP07-054""","""OP07-054""","""OP09-050""","""OP09-050""","""OP09-050""","""OP09-050""","""ST03-017""","""ST03-017""","""ST03-017""","""ST03-017""","""OP01-088""","""OP01-088""","""OP01-088""","""OP01-088""","""OP02-066""","""OP02-066""","""OP02-066""","""OP02-066""","""OP03-054""","""OP03-054""","""OP03-054""","""OP03-054""","""OP03-055""","""OP03-055""","""OP03-055""","""OP03-055""","""OP03-056""","""OP03-056""","""OP03-056""","""OP03-056""","""OP06-059""","""OP06-059""","""OP06-059""","""OP06-059""","""OP07-055""","""OP07-055""","""OP07-055""","""OP07-055"""
"""Exported from onepiecetopdecks.com""","""OP01-060""","""ST03-004""","""ST03-004""","""ST03-004""","""OP01-077""","""OP01-077""","""OP01-077""","""OP03-044""","""OP06-047""","""OP06-047""","""OP06-047""","""EB01-023""","""EB01-023""","""EB01-023""","""EB01-023""","""OP07-040""","""OP07-040""","""OP07-045""","""OP07-045""","""OP07-045""","""OP07-045""","""OP07-046""","""OP07-046""","""OP07-046""","""OP07-046""","""OP07-047""","""OP07-047""","""OP07-047""","""OP07-047""","""OP08-047""","""OP08-047""","""OP08-047""","""OP08-047""","""ST17-002""","""ST17-002""","""ST17-002""","""ST17-002""","""ST17-003""","""ST17-003""","""ST17-003""","""ST17-003""","""ST17-004""","""ST17-004""","""ST17-004""","""ST17-004""","""ST17-005""","""ST17-005""","""ST17-005""","""ST17-005""","""OP07-057""","""OP07-057"""
"""Exported from onepiecetopdecks.com""","""ST10-002""","""ST04-005""","""ST04-005""","""ST04-005""","""ST04-005""","""ST10-013""","""ST10-013""","""ST10-013""","""ST10-013""","""OP05-119""","""OP05-119""","""OP05-067""","""OP05-067""","""OP05-067""","""OP05-067""","""OP05-073""","""EB01-061""","""EB01-061""","""EB01-061""","""EB01-061""","""OP07-064""","""OP07-064""","""OP07-064""","""OP07-064""","""ST18-001""","""ST18-001""","""ST18-001""","""ST18-001""","""ST18-002""","""ST18-002""","""OP09-119""","""OP09-119""","""OP09-119""","""OP09-119""","""OP01-016""","""OP01-016""","""OP01-016""","""OP01-016""","""OP02-004""","""OP02-004""","""OP02-004""","""OP02-004""","""OP09-009""","""OP09-009""","""OP09-013""","""OP09-013""","""OP09-013""","""OP09-078""","""OP09-078""","""OP09-078""","""OP09-078"""
"""Exported from onepiecetopdecks.com""","""ST13-003""","""OP06-106""","""OP06-106""","""OP06-106""","""OP06-106""","""ST13-005""","""ST13-005""","""ST13-007""","""ST13-007""","""ST13-007""","""ST13-007""","""ST13-010""","""ST13-010""","""ST13-011""","""ST13-011""","""ST13-012""","""ST13-012""","""ST13-013""","""ST13-013""","""ST13-013""","""ST13-013""","""ST13-014""","""ST13-014""","""ST13-014""","""ST13-014""","""ST13-015""","""ST13-015""","""ST13-015""","""ST13-015""","""EB01-056""","""EB01-056""","""EB01-056""","""EB01-056""","""OP07-109""","""OP07-109""","""OP07-109""","""OP07-109""","""OP04-083""","""OP04-083""","""OP04-083""","""OP04-083""","""OP06-086""","""OP06-086""","""OP06-086""","""OP06-086""","""ST13-019""","""ST13-019""","""ST13-019""","""EB01-059""","""EB01-059""","""EB01-059"""
"""Exported from onepiecetopdecks.com""","""ST13-003""","""OP06-106""","""OP06-106""","""OP06-106""","""OP06-106""","""ST13-007""","""ST13-007""","""ST13-007""","""ST13-007""","""ST13-010""","""ST13-010""","""ST13-011""","""ST13-011""","""ST13-012""","""ST13-012""","""ST13-012""","""ST13-013""","""ST13-013""","""ST13-013""","""ST13-013""","""ST13-014""","""ST13-014""","""ST13-014""","""ST13-014""","""ST13-015""","""ST13-015""","""ST13-015""","""ST13-015""","""EB01-056""","""EB01-056""","""EB01-056""","""EB01-056""","""OP07-109""","""OP07-109""","""OP07-109""","""OP07-109""","""OP04-083""","""OP04-083""","""OP04-083""","""OP04-083""","""OP06-086""","""OP06-086""","""OP06-086""","""OP06-086""","""ST13-019""","""ST13-019""","""ST13-019""","""ST13-019""","""EB01-059""","""EB01-059""","""EB01-059"""
"""Exported from onepiecetopdecks.com""","""ST13-003""","""OP06-106""","""OP06-106""","""OP06-106""","""OP06-106""","""ST13-005""","""ST13-007""","""ST13-007""","""ST13-007""","""ST13-007""","""ST13-010""","""ST13-010""","""ST13-010""","""ST13-011""","""ST13-011""","""ST13-011""","""ST13-012""","""ST13-012""","""ST13-013""","""ST13-013""","""ST13-013""","""ST13-013""","""ST13-014""","""ST13-014""","""ST13-014""","""ST13-014""","""ST13-015""","""ST13-015""","""ST13-015""","""ST13-015""","""EB01-056""","""EB01-056""","""EB01-056""","""EB01-056""","""OP07-109""","""OP07-109""","""OP07-109""","""OP02-114""","""OP02-114""","""OP02-114""","""OP04-083""","""OP04-083""","""OP04-083""","""OP04-083""","""OP06-086""","""OP06-086""","""OP06-086""","""OP06-086""","""ST13-019""","""ST13-019""","""ST13-019"""
"""Exported from onepiecetopdecks.com""","""OP07-079""","""ST06-010""","""OP02-106""","""OP02-106""","""OP02-106""","""OP02-106""","""OP03-080""","""OP03-081""","""OP03-081""","""OP03-081""","""OP03-081""","""OP03-086""","""OP03-086""","""OP03-086""","""OP03-086""","""OP04-083""","""OP05-091""","""OP05-091""","""OP05-091""","""OP05-091""","""OP05-093""","""OP05-093""","""OP05-093""","""OP05-093""","""OP06-086""","""OP06-086""","""OP06-086""","""OP06-086""","""EB01-043""","""EB01-043""","""EB01-046""","""EB01-046""","""EB01-046""","""EB01-046""","""OP07-080""","""OP08-079""","""OP08-084""","""OP08-084""","""OP08-084""","""OP08-084""","""OP08-091""","""OP08-091""","""OP02-117""","""OP02-117""","""OP02-117""","""OP02-117""","""OP03-097""","""OP07-096""","""OP07-096""","""OP07-096""","""OP07-096"""
"""Exported from onepiecetopdecks.com""","""ST13-003""","""OP06-106""","""OP06-106""","""OP06-106""","""OP06-106""","""ST13-005""","""ST13-007""","""ST13-007""","""ST13-007""","""ST13-007""","""ST13-010""","""ST13-010""","""ST13-011""","""ST13-011""","""ST13-012""","""ST13-013""","""ST13-013""","""ST13-013""","""ST13-013""","""ST13-014""","""ST13-014""","""ST13-014""","""ST13-014""","""ST13-015""","""ST13-015""","""ST13-015""","""ST13-015""","""EB01-056""","""EB01-056""","""EB01-056""","""EB01-056""","""OP07-109""","""OP07-109""","""OP07-109""","""OP07-109""","""OP02-096""","""OP02-096""","""OP04-083""","""OP04-083""","""OP04-083""","""OP04-083""","""OP06-086""","""OP06-086""","""OP06-086""","""OP06-086""","""ST13-019""","""ST13-019""","""ST13-019""","""ST13-019""","""OP02-117""","""OP02-117"""
"""Exported from onepiecetopdecks.com""","""OP09-001""","""OP01-006""","""OP01-006""","""OP01-006""","""OP01-006""","""ST15-002""","""ST15-002""","""ST15-002""","""ST15-002""","""OP06-007""","""OP06-007""","""OP08-118""","""OP08-118""","""OP08-118""","""OP09-002""","""OP09-002""","""OP09-002""","""OP09-002""","""OP09-004""","""OP09-004""","""OP09-004""","""OP09-004""","""OP09-005""","""OP09-005""","""OP09-008""","""OP09-008""","""OP09-008""","""OP09-008""","""OP09-009""","""OP09-009""","""OP09-009""","""OP09-011""","""OP09-011""","""OP09-011""","""OP09-011""","""OP09-013""","""OP09-013""","""OP09-013""","""OP09-013""","""OP09-014""","""OP09-014""","""OP09-014""","""OP09-014""","""OP09-015""","""OP09-015""","""OP09-015""","""OP09-015""","""OP09-118""","""OP09-118""","""OP04-016""","""OP04-016"""
"""Exported from onepiecetopdecks.com""","""OP09-062""","""OP04-100""","""OP04-100""","""OP04-100""","""OP04-100""","""OP04-112""","""OP04-112""","""OP04-112""","""OP04-112""","""OP06-104""","""OP06-104""","""OP06-104""","""OP06-104""","""EB01-057""","""EB01-057""","""EB01-057""","""OP07-107""","""OP07-107""","""OP07-107""","""OP07-107""","""OP07-119""","""OP07-119""","""OP07-119""","""OP07-119""","""OP08-106""","""OP08-106""","""OP08-106""","""OP09-106""","""OP09-106""","""OP09-106""","""OP09-106""","""OP09-107""","""OP09-107""","""OP09-107""","""OP09-107""","""OP09-109""","""OP09-109""","""OP09-109""","""OP09-119""","""OP09-119""","""OP09-065""","""OP09-065""","""OP09-065""","""OP09-065""","""OP06-115""","""OP06-115""","""OP06-115""","""OP06-115""","""OP09-117""","""OP09-117""","""OP09-117"""
"""Exported from onepiecetopdecks.com""","""OP07-019""","""ST02-004""","""ST02-004""","""OP01-051""","""OP01-051""","""OP01-051""","""ST02-007""","""ST02-007""","""ST02-007""","""ST02-007""","""OP04-021""","""OP04-021""","""OP04-031""","""OP04-031""","""OP04-031""","""OP04-032""","""OP04-032""","""OP04-032""","""OP05-030""","""OP05-030""","""OP05-030""","""OP05-030""","""OP05-034""","""OP05-034""","""OP05-034""","""OP05-034""","""OP06-035""","""OP06-035""","""OP06-035""","""EB01-012""","""EB01-012""","""EB01-012""","""EB01-012""","""EB01-015""","""EB01-015""","""EB01-015""","""ST16-004""","""ST16-004""","""ST16-004""","""OP07-021""","""OP07-029""","""OP07-029""","""OP07-029""","""OP07-029""","""OP08-023""","""OP08-023""","""OP08-023""","""OP08-023""","""OP05-037""","""OP05-037""","""OP05-037"""
"""Exported from onepiecetopdecks.com""","""OP07-059""","""OP03-060""","""OP03-060""","""OP03-060""","""OP03-060""","""OP05-074""","""OP05-074""","""OP05-074""","""EB01-061""","""EB01-061""","""EB01-061""","""EB01-061""","""OP07-060""","""OP07-060""","""OP07-060""","""OP07-060""","""OP07-063""","""OP07-063""","""OP07-065""","""OP07-065""","""OP07-065""","""OP07-065""","""OP07-066""","""OP07-066""","""OP07-066""","""OP07-066""","""OP07-069""","""OP07-069""","""OP07-069""","""OP07-069""","""OP07-071""","""OP07-071""","""OP07-071""","""OP07-071""","""OP07-072""","""OP07-072""","""OP07-072""","""OP07-072""","""ST18-001""","""ST18-001""","""ST18-001""","""ST18-001""","""ST18-002""","""ST18-003""","""ST18-003""","""ST18-003""","""OP09-065""","""OP09-065""","""ST04-014""","""ST04-014""","""OP07-078"""
"""Exported from onepiecetopdecks.com""","""OP09-001""","""OP01-006""","""OP01-006""","""OP01-006""","""OP01-006""","""ST15-002""","""ST15-002""","""ST15-002""","""OP08-118""","""OP08-118""","""OP08-118""","""OP08-118""","""OP09-002""","""OP09-002""","""OP09-002""","""OP09-002""","""OP09-004""","""OP09-004""","""OP09-004""","""OP09-004""","""OP09-008""","""OP09-008""","""OP09-008""","""OP09-008""","""OP09-009""","""OP09-009""","""OP09-009""","""OP09-009""","""OP09-011""","""OP09-011""","""OP09-011""","""OP09-011""","""OP09-013""","""OP09-013""","""OP09-013""","""OP09-013""","""OP09-014""","""OP09-014""","""OP09-014""","""OP09-014""","""OP09-015""","""OP09-015""","""OP09-015""","""OP09-015""","""OP04-016""","""OP04-016""","""OP04-016""","""OP09-020""","""OP09-020""","""OP09-020""","""OP09-020"""
"""Exported from onepiecetopdecks.com""","""OP09-081""","""EB01-048""","""EB01-048""","""EB01-048""","""EB01-048""","""OP09-083""","""OP09-083""","""OP09-083""","""OP09-083""","""OP09-086""","""OP09-086""","""OP09-086""","""OP09-086""","""OP09-088""","""OP09-088""","""OP09-088""","""OP09-088""","""OP09-089""","""OP09-089""","""OP09-089""","""OP09-089""","""OP09-090""","""OP09-090""","""OP09-090""","""OP09-090""","""OP09-091""","""OP09-091""","""OP09-093""","""OP09-093""","""OP09-093""","""OP09-093""","""OP09-095""","""OP09-095""","""OP09-095""","""OP09-095""","""EB01-051""","""EB01-051""","""EB01-051""","""EB01-051""","""OP07-096""","""OP07-096""","""OP09-096""","""OP09-096""","""OP09-096""","""OP09-096""","""OP09-098""","""OP09-098""","""OP09-098""","""OP09-099""","""OP09-099""","""OP09-099"""
"""Exported from onepiecetopdecks.com""","""OP09-001""","""OP01-006""","""OP01-006""","""OP01-006""","""OP01-006""","""OP02-015""","""OP02-015""","""OP06-007""","""OP06-007""","""OP06-007""","""OP07-015""","""OP07-015""","""OP07-015""","""OP08-118""","""OP08-118""","""OP08-118""","""OP08-118""","""OP09-002""","""OP09-002""","""OP09-002""","""OP09-002""","""OP09-004""","""OP09-004""","""OP09-004""","""OP09-008""","""OP09-008""","""OP09-008""","""OP09-009""","""OP09-009""","""OP09-009""","""OP09-009""","""OP09-011""","""OP09-011""","""OP09-011""","""OP09-011""","""OP09-013""","""OP09-013""","""OP09-013""","""OP09-013""","""OP09-014""","""OP09-014""","""OP09-014""","""OP09-014""","""OP09-015""","""OP09-015""","""OP09-015""","""OP09-015""","""OP09-118""","""OP04-016""","""OP09-020""","""OP09-020"""
"""Exported from onepiecetopdecks.com""","""OP09-081""","""EB01-048""","""EB01-048""","""EB01-048""","""EB01-048""","""OP09-083""","""OP09-083""","""OP09-083""","""OP09-083""","""OP09-086""","""OP09-086""","""OP09-086""","""OP09-086""","""OP09-088""","""OP09-088""","""OP09-088""","""OP09-088""","""OP09-089""","""OP09-089""","""OP09-089""","""OP09-089""","""OP09-090""","""OP09-090""","""OP09-090""","""OP09-090""","""OP09-091""","""OP09-091""","""OP09-091""","""OP09-091""","""OP09-093""","""OP09-093""","""OP09-093""","""OP09-093""","""OP09-095""","""OP09-095""","""OP09-095""","""OP09-095""","""EB01-051""","""EB01-051""","""EB01-051""","""EB01-051""","""OP09-096""","""OP09-096""","""OP09-096""","""OP09-096""","""OP09-098""","""OP09-098""","""OP09-099""","""OP09-099""","""OP09-099""","""OP09-099"""
"""Exported from onepiecetopdecks.com""","""OP07-019""","""ST02-004""","""OP01-039""","""OP01-033""","""OP01-033""","""OP01-033""","""OP01-033""","""OP01-051""","""OP01-051""","""OP01-051""","""OP01-051""","""ST02-007""","""ST02-007""","""ST02-007""","""ST02-007""","""ST02-008""","""ST02-008""","""ST02-008""","""ST02-008""","""ST02-010""","""OP05-030""","""OP05-030""","""OP05-030""","""OP05-030""","""OP06-035""","""OP06-035""","""OP06-035""","""EB01-012""","""EB01-012""","""EB01-012""","""EB01-012""","""EB01-015""","""EB01-015""","""ST16-004""","""ST16-004""","""ST16-004""","""ST16-004""","""OP07-021""","""OP07-021""","""OP07-021""","""OP07-021""","""OP07-029""","""OP07-029""","""OP07-029""","""OP08-023""","""OP08-023""","""OP08-023""","""OP08-023""","""OP05-037""","""OP05-037""","""OP05-037"""
"""Exported from onepiecetopdecks.com""","""OP09-061""","""ST04-003""","""ST04-003""","""ST04-003""","""ST04-003""","""OP05-119""","""EB01-061""","""EB01-061""","""EB01-061""","""OP07-064""","""OP07-064""","""OP08-074""","""OP08-074""","""OP08-074""","""OP08-074""","""ST18-001""","""ST18-001""","""ST18-001""","""ST18-001""","""ST18-002""","""ST18-002""","""OP09-065""","""OP09-065""","""OP09-065""","""OP09-069""","""OP09-069""","""OP09-069""","""OP09-069""","""OP09-072""","""OP09-072""","""OP09-072""","""OP09-072""","""OP09-074""","""OP09-076""","""OP09-076""","""OP09-076""","""OP09-076""","""OP06-086""","""OP06-086""","""OP06-086""","""OP06-086""","""ST14-003""","""ST14-003""","""ST14-003""","""ST14-003""","""OP09-077""","""OP09-077""","""OP09-078""","""OP09-078""","""OP09-078""","""OP09-078"""
"""Exported from onepiecetopdecks.com""","""ST01-001""","""OP01-013""","""OP01-013""","""OP01-013""","""OP01-013""","""OP02-004""","""OP02-004""","""OP02-004""","""OP02-004""","""OP02-008""","""OP02-008""","""OP02-008""","""OP02-008""","""OP03-013""","""OP03-013""","""OP03-013""","""OP03-013""","""OP06-007""","""OP06-007""","""OP09-002""","""OP09-002""","""OP09-002""","""OP09-002""","""OP09-004""","""OP09-004""","""OP09-005""","""OP09-005""","""OP09-005""","""OP09-005""","""OP09-008""","""OP09-008""","""OP09-008""","""OP09-008""","""OP09-009""","""OP09-009""","""OP09-009""","""OP09-009""","""OP09-013""","""OP09-013""","""OP09-013""","""OP09-013""","""OP09-014""","""OP09-014""","""OP09-014""","""OP09-014""","""OP09-118""","""OP09-118""","""OP04-016""","""OP04-016""","""OP04-016""","""OP04-016"""
"""Exported from onepiecetopdecks.com""","""OP09-081""","""OP04-089""","""OP04-089""","""OP04-089""","""OP05-088""","""OP05-088""","""OP05-088""","""EB01-048""","""EB01-048""","""EB01-048""","""EB01-048""","""OP08-084""","""OP08-084""","""OP09-083""","""OP09-083""","""OP09-083""","""OP09-083""","""OP09-086""","""OP09-086""","""OP09-086""","""OP09-086""","""OP09-088""","""OP09-088""","""OP09-089""","""OP09-089""","""OP09-089""","""OP09-089""","""OP09-090""","""OP09-090""","""OP09-090""","""OP09-090""","""OP09-093""","""OP09-093""","""OP09-093""","""OP09-093""","""OP09-095""","""OP09-095""","""OP09-095""","""OP09-095""","""EB01-051""","""EB01-051""","""EB01-051""","""EB01-051""","""OP09-096""","""OP09-096""","""OP09-096""","""OP09-098""","""OP09-098""","""OP09-098""","""OP09-099""","""OP09-099"""
"""Exported from onepiecetopdecks.com""","""OP07-079""","""ST06-008""","""ST06-008""","""OP02-106""","""OP02-106""","""OP02-106""","""OP02-106""","""OP03-080""","""OP03-080""","""OP03-080""","""OP03-081""","""OP03-081""","""OP03-081""","""OP03-081""","""OP03-086""","""OP03-086""","""OP03-086""","""OP03-086""","""OP04-083""","""OP05-091""","""OP05-091""","""OP05-091""","""OP05-091""","""OP05-093""","""OP05-093""","""OP05-093""","""OP05-093""","""OP06-086""","""OP06-086""","""OP06-086""","""OP06-086""","""EB01-043""","""EB01-043""","""EB01-046""","""EB01-046""","""EB01-046""","""EB01-046""","""OP07-080""","""OP07-080""","""OP07-080""","""OP08-084""","""OP08-084""","""OP08-084""","""OP02-117""","""OP02-117""","""OP02-117""","""OP02-117""","""OP07-096""","""OP07-096""","""OP07-096""","""OP07-096"""
"""Exported from onepiecetopdecks.com""","""OP07-079""","""ST06-008""","""OP02-106""","""OP02-106""","""OP02-106""","""OP02-106""","""OP03-080""","""OP03-080""","""OP03-080""","""OP03-081""","""OP03-081""","""OP03-081""","""OP03-081""","""OP03-086""","""OP03-086""","""OP03-086""","""OP04-083""","""OP05-091""","""OP05-091""","""OP05-091""","""OP05-091""","""OP05-093""","""OP05-093""","""OP05-093""","""OP05-093""","""OP06-086""","""OP06-086""","""OP06-086""","""OP06-086""","""EB01-043""","""EB01-043""","""EB01-046""","""EB01-046""","""EB01-046""","""EB01-046""","""OP07-080""","""OP07-080""","""OP08-079""","""OP08-079""","""OP08-084""","""OP08-084""","""OP08-084""","""OP02-117""","""OP02-117""","""OP02-117""","""OP02-117""","""OP03-097""","""OP07-096""","""OP07-096""","""OP07-096""","""OP07-096"""
"""Exported from onepiecetopdecks.com""","""OP09-081""","""EB01-048""","""EB01-048""","""EB01-048""","""EB01-048""","""OP08-084""","""OP08-084""","""OP08-084""","""OP09-083""","""OP09-083""","""OP09-083""","""OP09-083""","""OP09-086""","""OP09-086""","""OP09-086""","""OP09-086""","""OP09-088""","""OP09-088""","""OP09-088""","""OP09-088""","""OP09-089""","""OP09-089""","""OP09-089""","""OP09-089""","""OP09-090""","""OP09-090""","""OP09-090""","""OP09-090""","""OP09-091""","""OP09-091""","""OP09-093""","""OP09-093""","""OP09-093""","""OP09-093""","""OP09-095""","""OP09-095""","""OP09-095""","""OP09-095""","""EB01-051""","""EB01-051""","""EB01-051""","""EB01-051""","""OP09-096""","""OP09-096""","""OP09-096""","""OP09-096""","""OP09-098""","""OP09-098""","""OP09-099""","""OP09-099""","""OP09-099"""
"""Exported from onepiecetopdecks.com""","""OP01-060""","""ST03-005""","""ST03-005""","""ST03-005""","""ST03-005""","""ST03-004""","""ST03-004""","""ST03-004""","""ST03-004""","""OP06-047""","""OP06-047""","""OP06-047""","""EB01-023""","""EB01-023""","""EB01-023""","""EB01-023""","""OP07-040""","""OP07-040""","""OP07-040""","""OP07-040""","""OP07-045""","""OP07-045""","""OP07-045""","""OP07-045""","""OP07-046""","""OP07-046""","""OP07-046""","""OP07-046""","""OP07-047""","""OP07-047""","""OP07-047""","""OP07-047""","""OP08-047""","""OP08-047""","""OP08-047""","""ST17-002""","""ST17-002""","""ST17-002""","""ST17-002""","""ST17-003""","""ST17-003""","""ST17-003""","""ST17-003""","""ST17-004""","""ST17-004""","""ST17-004""","""ST17-004""","""ST17-005""","""ST17-005""","""ST17-005""","""OP07-057"""
"""Exported from onepiecetopdecks.com""","""OP01-060""","""ST03-005""","""ST03-005""","""ST03-005""","""ST03-004""","""ST03-004""","""ST03-004""","""OP01-077""","""OP01-077""","""OP01-077""","""OP06-047""","""OP06-047""","""OP06-047""","""EB01-023""","""EB01-023""","""EB01-023""","""EB01-023""","""OP07-040""","""OP07-040""","""OP07-040""","""OP07-040""","""OP07-045""","""OP07-045""","""OP07-045""","""OP07-045""","""OP07-046""","""OP07-046""","""OP07-046""","""OP07-046""","""OP08-047""","""OP08-047""","""OP08-047""","""OP08-047""","""ST17-002""","""ST17-002""","""ST17-002""","""ST17-002""","""ST17-003""","""ST17-003""","""ST17-003""","""ST17-003""","""ST17-004""","""ST17-004""","""ST17-004""","""ST17-004""","""ST17-005""","""ST17-005""","""ST17-005""","""ST17-005""","""OP07-057""","""OP07-057"""
"""Exported from onepiecetopdecks.com""","""OP05-060""","""OP06-076""","""OP06-076""","""OP06-076""","""OP06-076""","""EB01-061""","""EB01-061""","""EB01-061""","""EB01-061""","""OP07-064""","""OP07-064""","""OP07-064""","""OP07-064""","""OP08-069""","""OP08-069""","""OP08-069""","""ST18-001""","""ST18-001""","""ST18-001""","""ST18-001""","""ST18-002""","""ST18-002""","""ST18-002""","""ST18-002""","""ST18-003""","""ST18-003""","""ST18-003""","""ST18-003""","""ST18-004""","""ST18-004""","""ST18-004""","""ST18-004""","""ST18-005""","""ST18-005""","""ST18-005""","""ST18-005""","""OP09-119""","""OP09-065""","""OP09-065""","""OP09-065""","""OP09-065""","""OP09-069""","""OP09-069""","""OP09-069""","""OP09-069""","""OP09-071""","""OP09-071""","""OP09-078""","""OP09-078""","""OP09-078""","""OP09-078"""
"""Exported from onepiecetopdecks.com""","""OP01-060""","""ST03-005""","""ST03-005""","""ST03-005""","""ST03-004""","""ST03-004""","""ST03-004""","""OP01-077""","""OP01-077""","""OP01-077""","""OP01-077""","""OP02-054""","""OP02-054""","""OP02-054""","""OP06-047""","""OP06-047""","""EB01-023""","""EB01-023""","""EB01-023""","""EB01-023""","""OP07-040""","""OP07-040""","""OP07-040""","""OP07-045""","""OP07-045""","""OP07-045""","""OP07-045""","""OP07-046""","""OP07-046""","""OP07-046""","""OP07-046""","""OP07-047""","""OP07-047""","""OP08-047""","""OP08-047""","""ST17-002""","""ST17-002""","""ST17-002""","""ST17-002""","""ST17-003""","""ST17-003""","""ST17-003""","""ST17-003""","""ST17-004""","""ST17-004""","""ST17-004""","""ST17-004""","""ST17-005""","""OP06-058""","""OP07-057""","""OP07-057"""
"""Exported from onepiecetopdecks.com""","""OP03-040""","""OP03-044""","""OP03-044""","""OP03-044""","""OP03-044""","""OP03-050""","""OP03-050""","""OP03-050""","""OP04-041""","""OP04-041""","""OP04-041""","""OP04-041""","""OP07-054""","""OP07-054""","""OP07-054""","""OP09-050""","""OP09-050""","""OP09-050""","""OP09-050""","""ST03-017""","""ST03-017""","""ST03-017""","""ST03-017""","""OP01-088""","""OP01-088""","""OP01-088""","""OP01-088""","""OP02-066""","""OP02-066""","""OP02-066""","""OP02-066""","""OP03-054""","""OP03-054""","""OP03-054""","""OP03-054""","""OP03-055""","""OP03-055""","""OP03-055""","""OP03-055""","""OP03-056""","""OP03-056""","""OP03-056""","""OP03-056""","""OP06-059""","""OP06-059""","""OP06-059""","""OP06-059""","""OP07-055""","""OP07-055""","""OP07-055""","""OP07-055"""
"""Exported from onepiecetopdecks.com""","""OP09-042""","""P-082""","""P-082""","""P-082""","""P-084""","""P-084""","""P-084""","""P-084""","""EB01-027""","""EB01-027""","""EB01-027""","""EB01-027""","""OP07-054""","""OP07-054""","""OP07-054""","""OP07-054""","""OP09-045""","""OP09-045""","""OP09-045""","""OP09-045""","""OP09-046""","""OP09-046""","""OP09-046""","""OP09-046""","""OP09-048""","""OP09-048""","""OP09-048""","""OP09-048""","""OP09-051""","""OP09-051""","""OP09-051""","""OP09-051""","""OP09-053""","""OP09-053""","""OP09-053""","""OP09-053""","""OP09-055""","""OP09-055""","""OP09-055""","""OP09-055""","""OP09-056""","""OP09-056""","""OP09-056""","""OP09-056""","""ST03-017""","""ST03-017""","""ST03-017""","""OP09-057""","""OP09-057""","""OP09-057""","""OP09-057"""
"""Exported from onepiecetopdecks.com""","""OP09-061""","""OP05-119""","""EB01-061""","""EB01-061""","""EB01-061""","""OP08-074""","""OP08-074""","""OP08-074""","""OP08-074""","""ST18-001""","""ST18-001""","""ST18-001""","""ST18-001""","""ST18-002""","""OP09-119""","""OP09-119""","""OP09-119""","""OP09-119""","""OP09-065""","""OP09-065""","""OP09-065""","""OP09-069""","""OP09-069""","""OP09-069""","""OP09-069""","""OP09-071""","""OP09-071""","""OP09-072""","""OP09-072""","""OP09-072""","""OP09-072""","""OP09-074""","""OP09-074""","""OP09-076""","""OP09-076""","""OP09-076""","""OP09-076""","""OP04-083""","""OP04-083""","""OP04-083""","""OP06-086""","""OP06-086""","""OP06-086""","""OP06-086""","""ST14-003""","""ST14-003""","""ST14-003""","""OP09-078""","""OP09-078""","""OP09-078""","""OP09-078"""
"""Exported from onepiecetopdecks.com""","""OP06-022""","""OP03-108""","""OP03-108""","""OP04-104""","""OP04-104""","""OP04-104""","""OP04-104""","""OP05-105""","""OP05-105""","""OP05-105""","""OP05-105""","""OP06-101""","""OP06-101""","""OP06-101""","""OP06-101""","""OP06-104""","""OP06-104""","""OP06-104""","""OP06-104""","""OP06-110""","""OP06-110""","""OP06-110""","""OP09-107""","""OP09-107""","""OP09-107""","""OP01-033""","""OP01-033""","""OP01-033""","""OP01-033""","""OP06-035""","""OP06-035""","""OP06-035""","""OP06-035""","""OP05-114""","""OP05-114""","""OP05-114""","""OP07-116""","""OP07-116""","""OP07-116""","""OP09-117""","""OP09-117""","""ST02-017""","""ST02-017""","""ST02-017""","""OP07-036""","""OP07-036""","""OP07-036""","""OP07-036""","""OP08-036""","""OP08-036""","""OP08-036"""
"""Exported from onepiecetopdecks.com""","""OP01-060""","""ST03-005""","""ST03-005""","""ST03-005""","""ST03-005""","""ST03-004""","""ST03-004""","""ST03-004""","""ST03-004""","""OP01-070""","""OP01-070""","""OP01-070""","""OP01-077""","""OP01-077""","""OP01-077""","""OP01-077""","""OP06-119""","""OP06-119""","""OP06-119""","""OP06-047""","""EB01-023""","""EB01-023""","""EB01-023""","""EB01-023""","""OP07-040""","""OP07-040""","""OP07-045""","""OP07-045""","""OP07-045""","""OP07-045""","""OP07-046""","""OP07-046""","""OP07-046""","""OP07-046""","""OP07-047""","""OP07-047""","""OP07-047""","""OP07-047""","""ST17-002""","""ST17-002""","""ST17-002""","""ST17-002""","""ST17-003""","""ST17-004""","""ST17-004""","""ST17-004""","""ST17-004""","""ST17-005""","""ST17-005""","""ST17-005""","""ST17-005"""
"""Exported from onepiecetopdecks.com""","""OP07-079""","""OP02-106""","""OP02-106""","""OP02-106""","""OP02-106""","""OP03-080""","""OP03-080""","""OP03-080""","""OP03-080""","""OP03-081""","""OP03-081""","""OP03-081""","""OP03-081""","""OP03-086""","""OP03-086""","""OP03-086""","""OP03-086""","""OP05-091""","""OP05-091""","""OP05-091""","""OP05-091""","""OP05-093""","""OP05-093""","""OP05-093""","""OP05-093""","""OP06-086""","""OP06-086""","""OP06-086""","""OP06-086""","""EB01-043""","""EB01-043""","""EB01-046""","""EB01-046""","""EB01-046""","""EB01-046""","""OP08-079""","""OP08-079""","""OP08-084""","""OP08-084""","""OP08-084""","""OP08-084""","""OP02-117""","""OP02-117""","""OP02-117""","""OP02-117""","""OP03-095""","""OP03-095""","""OP07-096""","""OP07-096""","""OP07-096""","""OP07-096"""
"""Exported from onepiecetopdecks.com""","""ST13-003""","""OP06-106""","""OP06-106""","""OP06-106""","""OP06-106""","""ST13-005""","""ST13-005""","""ST13-007""","""ST13-007""","""ST13-007""","""ST13-007""","""ST13-010""","""ST13-010""","""ST13-011""","""ST13-011""","""ST13-012""","""ST13-012""","""ST13-013""","""ST13-013""","""ST13-013""","""ST13-013""","""ST13-014""","""ST13-014""","""ST13-014""","""ST13-014""","""ST13-015""","""ST13-015""","""ST13-015""","""ST13-015""","""EB01-056""","""EB01-056""","""EB01-056""","""EB01-056""","""OP07-109""","""OP07-109""","""OP07-109""","""OP07-109""","""OP02-096""","""OP04-083""","""OP04-083""","""OP04-083""","""OP04-083""","""OP06-086""","""OP06-086""","""OP06-086""","""OP06-086""","""ST13-019""","""ST13-019""","""ST13-019""","""ST13-019""","""OP02-117"""
"""Exported from onepiecetopdecks.com""","""OP01-060""","""ST03-004""","""ST03-004""","""ST03-004""","""OP01-077""","""OP01-077""","""OP01-077""","""OP06-047""","""OP06-047""","""OP06-047""","""EB01-023""","""EB01-023""","""EB01-023""","""EB01-023""","""OP07-040""","""OP07-040""","""OP07-040""","""OP07-045""","""OP07-045""","""OP07-045""","""OP07-045""","""OP07-046""","""OP07-046""","""OP07-046""","""OP07-046""","""OP07-047""","""OP07-047""","""OP07-047""","""OP07-047""","""OP08-047""","""OP08-047""","""OP08-047""","""OP08-047""","""ST17-002""","""ST17-002""","""ST17-002""","""ST17-002""","""ST17-003""","""ST17-003""","""ST17-003""","""ST17-003""","""ST17-004""","""ST17-004""","""ST17-004""","""ST17-004""","""ST17-005""","""ST17-005""","""ST17-005""","""ST17-005""","""OP07-057""","""OP07-057"""
"""Exported from onepiecetopdecks.com""","""OP09-042""","""P-081""","""P-081""","""P-084""","""P-084""","""P-084""","""P-084""","""OP02-064""","""OP02-064""","""OP02-064""","""OP02-064""","""OP05-118""","""OP05-118""","""OP06-047""","""OP06-047""","""EB01-027""","""EB01-027""","""EB01-027""","""EB01-027""","""OP09-045""","""OP09-045""","""OP09-045""","""OP09-045""","""OP09-046""","""OP09-046""","""OP09-046""","""OP09-046""","""OP09-048""","""OP09-048""","""OP09-048""","""OP09-048""","""OP09-051""","""OP09-051""","""OP09-051""","""OP09-051""","""OP09-053""","""OP09-053""","""OP09-053""","""OP09-053""","""OP09-055""","""OP09-055""","""OP09-055""","""OP09-055""","""OP09-056""","""OP09-056""","""OP09-056""","""OP09-056""","""OP03-056""","""OP03-056""","""OP03-056""","""OP03-056"""
"""Exported from onepiecetopdecks.com""","""OP09-061""","""ST04-003""","""ST04-003""","""ST04-003""","""OP05-119""","""OP06-073""","""OP06-073""","""OP06-073""","""OP07-064""","""OP07-064""","""OP07-064""","""OP08-074""","""OP08-074""","""OP08-074""","""OP08-074""","""ST18-001""","""ST18-001""","""ST18-001""","""ST18-002""","""ST18-002""","""OP09-065""","""OP09-065""","""OP09-069""","""OP09-069""","""OP09-069""","""OP09-069""","""OP09-072""","""OP09-072""","""OP09-072""","""OP09-072""","""OP09-076""","""OP09-076""","""OP09-076""","""OP09-076""","""OP05-081""","""OP05-081""","""OP06-086""","""OP06-086""","""OP06-086""","""OP06-086""","""ST14-003""","""ST14-003""","""ST14-003""","""ST14-003""","""OP09-077""","""OP09-077""","""OP09-077""","""OP09-078""","""OP09-078""","""OP09-078""","""OP09-078"""
"""Exported from onepiecetopdecks.com""","""OP09-001""","""OP01-006""","""OP01-006""","""OP01-006""","""OP01-006""","""OP02-015""","""OP02-015""","""ST15-002""","""ST15-002""","""ST15-002""","""OP07-015""","""OP07-015""","""OP07-015""","""OP08-118""","""OP08-118""","""OP08-118""","""OP09-002""","""OP09-002""","""OP09-002""","""OP09-002""","""OP09-004""","""OP09-004""","""OP09-004""","""OP09-004""","""OP09-005""","""OP09-005""","""OP09-005""","""OP09-008""","""OP09-008""","""OP09-008""","""OP09-009""","""OP09-009""","""OP09-009""","""OP09-011""","""OP09-011""","""OP09-011""","""OP09-011""","""OP09-013""","""OP09-013""","""OP09-013""","""OP09-013""","""OP09-014""","""OP09-014""","""OP09-014""","""OP09-014""","""OP09-015""","""OP09-015""","""OP09-015""","""OP09-015""","""OP04-016""","""OP04-016"""
"""Exported from onepiecetopdecks.com""","""OP05-098""","""OP03-116""","""OP03-116""","""OP03-116""","""OP03-116""","""OP03-123""","""OP03-123""","""OP03-123""","""OP03-123""","""OP04-100""","""OP04-100""","""OP04-100""","""OP04-100""","""OP04-112""","""OP04-112""","""OP04-112""","""OP04-112""","""OP05-100""","""OP05-100""","""EB01-056""","""EB01-056""","""EB01-057""","""EB01-057""","""EB01-057""","""EB01-057""","""OP07-107""","""OP07-107""","""OP07-107""","""OP07-107""","""OP07-109""","""OP07-109""","""OP07-109""","""OP07-109""","""OP07-119""","""OP07-119""","""OP07-119""","""OP07-119""","""OP08-106""","""OP08-106""","""OP08-106""","""OP08-106""","""OP05-115""","""OP05-115""","""OP06-115""","""OP06-115""","""OP06-115""","""OP06-115""","""EB01-059""","""EB01-059""","""EB01-059""","""EB01-059"""
"""Exported from onepiecetopdecks.com""","""OP07-079""","""OP02-106""","""OP02-106""","""OP02-106""","""OP02-106""","""OP03-080""","""OP03-080""","""OP03-080""","""OP03-081""","""OP03-081""","""OP03-086""","""OP03-086""","""OP03-086""","""OP05-091""","""OP05-091""","""OP05-091""","""OP05-091""","""OP05-093""","""OP05-093""","""OP05-093""","""OP05-093""","""OP06-086""","""OP06-086""","""OP06-086""","""OP06-086""","""EB01-043""","""EB01-043""","""EB01-046""","""EB01-046""","""EB01-046""","""EB01-046""","""OP07-080""","""OP07-080""","""OP07-080""","""OP08-079""","""OP08-079""","""OP08-084""","""OP08-084""","""OP08-084""","""OP08-091""","""OP08-091""","""OP02-117""","""OP02-117""","""OP02-117""","""OP02-117""","""OP03-095""","""OP03-095""","""OP07-096""","""OP07-096""","""OP07-096""","""OP07-096"""
"""Exported from onepiecetopdecks.com""","""ST13-003""","""OP06-106""","""OP06-106""","""OP06-106""","""OP06-106""","""ST13-007""","""ST13-007""","""ST13-007""","""ST13-007""","""ST13-010""","""ST13-010""","""ST13-011""","""ST13-011""","""ST13-012""","""ST13-012""","""ST13-013""","""ST13-013""","""ST13-013""","""ST13-013""","""ST13-014""","""ST13-014""","""ST13-014""","""ST13-014""","""ST13-015""","""ST13-015""","""ST13-015""","""ST13-015""","""EB01-056""","""EB01-056""","""EB01-056""","""EB01-056""","""OP07-109""","""OP07-109""","""OP07-109""","""OP07-109""","""OP02-096""","""OP02-096""","""OP02-096""","""OP04-083""","""OP04-083""","""OP04-083""","""OP04-083""","""OP06-086""","""OP06-086""","""OP06-086""","""OP06-086""","""ST13-019""","""ST13-019""","""ST13-019""","""ST13-019""","""OP02-117"""
"""Exported from onepiecetopdecks.com""","""OP09-062""","""OP03-123""","""OP03-123""","""ST07-007""","""ST07-007""","""ST07-007""","""ST07-007""","""OP04-100""","""OP04-100""","""OP04-100""","""OP04-100""","""OP04-112""","""OP04-112""","""OP04-112""","""OP04-112""","""OP05-102""","""OP05-102""","""OP05-102""","""OP07-107""","""OP07-107""","""OP07-107""","""OP07-107""","""OP07-119""","""OP07-119""","""OP08-105""","""OP08-105""","""OP08-105""","""OP08-105""","""OP08-106""","""OP08-106""","""OP08-106""","""OP08-106""","""OP09-106""","""OP09-106""","""OP09-106""","""OP09-106""","""OP09-107""","""OP09-107""","""OP09-107""","""OP09-107""","""OP07-064""","""OP07-064""","""OP09-119""","""OP09-119""","""OP09-119""","""OP09-119""","""OP07-115""","""OP09-078""","""OP09-078""","""OP09-078""","""OP09-078"""
"""Exported from onepiecetopdecks.com""","""OP09-081""","""OP04-089""","""OP04-089""","""OP04-089""","""OP05-088""","""OP05-088""","""OP05-088""","""EB01-048""","""EB01-048""","""EB01-048""","""EB01-048""","""OP09-083""","""OP09-083""","""OP09-083""","""OP09-083""","""OP09-086""","""OP09-086""","""OP09-086""","""OP09-086""","""OP09-088""","""OP09-088""","""OP09-088""","""OP09-088""","""OP09-089""","""OP09-089""","""OP09-089""","""OP09-089""","""OP09-090""","""OP09-090""","""OP09-090""","""OP09-090""","""OP09-093""","""OP09-093""","""OP09-093""","""OP09-093""","""OP09-095""","""OP09-095""","""OP09-095""","""OP09-095""","""EB01-051""","""EB01-051""","""EB01-051""","""EB01-051""","""OP09-096""","""OP09-096""","""OP09-096""","""OP09-096""","""OP09-098""","""OP09-098""","""OP09-099""","""OP09-099"""
"""Exported from onepiecetopdecks.com""","""OP06-021""","""OP02-112""","""OP02-112""","""OP02-112""","""OP02-114""","""OP02-114""","""OP02-114""","""OP02-114""","""OP02-096""","""OP02-096""","""OP02-096""","""OP02-098""","""ST06-006""","""ST06-006""","""ST06-006""","""ST06-006""","""OP02-106""","""OP02-106""","""OP02-106""","""OP02-106""","""OP03-089""","""OP03-089""","""OP03-089""","""OP03-089""","""OP04-083""","""OP04-083""","""OP04-083""","""OP04-083""","""OP06-086""","""OP06-086""","""OP06-086""","""OP06-086""","""EB01-049""","""EB01-049""","""EB01-049""","""OP01-051""","""OP01-051""","""OP01-051""","""OP01-051""","""OP01-054""","""OP01-054""","""OP05-030""","""OP05-030""","""OP05-030""","""OP05-030""","""OP06-036""","""OP06-036""","""OP06-036""","""OP06-036""","""OP02-117""","""OP02-117"""
"""Exported from onepiecetopdecks.com""","""OP09-081""","""OP04-089""","""OP04-089""","""OP04-089""","""OP04-089""","""OP05-088""","""OP05-088""","""OP05-088""","""OP05-088""","""EB01-048""","""EB01-048""","""EB01-048""","""OP09-083""","""OP09-083""","""OP09-083""","""OP09-083""","""OP09-086""","""OP09-086""","""OP09-086""","""OP09-086""","""OP09-088""","""OP09-088""","""OP09-088""","""OP09-088""","""OP09-089""","""OP09-089""","""OP09-089""","""OP09-089""","""OP09-090""","""OP09-090""","""OP09-090""","""OP09-090""","""OP09-093""","""OP09-093""","""OP09-093""","""OP09-093""","""OP09-095""","""OP09-095""","""OP09-095""","""OP09-095""","""EB01-051""","""EB01-051""","""EB01-051""","""EB01-051""","""OP09-096""","""OP09-096""","""OP09-096""","""OP09-096""","""OP09-098""","""OP09-098""","""OP09-099"""
"""Exported from onepiecetopdecks.com""","""OP05-098""","""OP03-116""","""OP03-116""","""OP03-116""","""OP03-116""","""OP03-123""","""OP03-123""","""OP03-123""","""OP03-123""","""OP04-100""","""OP04-100""","""OP04-100""","""OP04-100""","""OP04-112""","""OP04-112""","""OP04-112""","""OP04-112""","""OP05-102""","""OP05-102""","""OP05-102""","""OP05-102""","""EB01-056""","""EB01-056""","""EB01-056""","""EB01-056""","""EB01-057""","""EB01-057""","""EB01-057""","""EB01-057""","""OP07-107""","""OP07-107""","""OP07-109""","""OP07-109""","""OP07-109""","""OP07-109""","""OP07-119""","""OP07-119""","""OP07-119""","""OP07-119""","""OP08-106""","""OP08-106""","""OP08-106""","""OP08-106""","""OP06-115""","""OP06-115""","""OP06-115""","""OP06-115""","""EB01-059""","""EB01-059""","""EB01-059""","""EB01-059"""
"""Exported from onepiecetopdecks.com""","""OP09-001""","""OP01-006""","""OP01-006""","""OP01-006""","""OP01-006""","""OP01-025""","""OP01-025""","""ST15-002""","""ST15-002""","""OP07-010""","""OP07-010""","""OP07-015""","""OP07-015""","""OP07-015""","""OP07-015""","""OP08-118""","""OP08-118""","""OP08-118""","""OP09-002""","""OP09-002""","""OP09-002""","""OP09-002""","""OP09-004""","""OP09-004""","""OP09-004""","""OP09-004""","""OP09-008""","""OP09-008""","""OP09-009""","""OP09-009""","""OP09-009""","""OP09-011""","""OP09-011""","""OP09-011""","""OP09-011""","""OP09-013""","""OP09-013""","""OP09-013""","""OP09-013""","""OP09-014""","""OP09-014""","""OP09-014""","""OP09-014""","""OP09-015""","""OP09-015""","""OP09-015""","""OP09-015""","""OP09-118""","""OP09-118""","""OP04-016""","""OP04-016"""
"""Exported from onepiecetopdecks.com""","""OP09-001""","""OP01-006""","""OP01-006""","""OP01-006""","""OP01-006""","""ST15-002""","""ST15-002""","""ST15-002""","""ST15-002""","""OP06-007""","""OP06-007""","""OP08-118""","""OP08-118""","""OP08-118""","""OP09-002""","""OP09-002""","""OP09-002""","""OP09-002""","""OP09-003""","""OP09-003""","""OP09-003""","""OP09-003""","""OP09-004""","""OP09-004""","""OP09-004""","""OP09-008""","""OP09-008""","""OP09-008""","""OP09-008""","""OP09-009""","""OP09-009""","""OP09-009""","""OP09-009""","""OP09-011""","""OP09-011""","""OP09-011""","""OP09-011""","""OP09-013""","""OP09-013""","""OP09-013""","""OP09-013""","""OP09-014""","""OP09-014""","""OP09-014""","""OP09-014""","""OP09-015""","""OP09-015""","""OP09-015""","""OP09-015""","""OP04-016""","""OP04-016"""
"""Exported from onepiecetopdecks.com""","""OP07-059""","""OP05-074""","""OP05-074""","""OP05-074""","""OP05-074""","""EB01-061""","""EB01-061""","""EB01-061""","""EB01-061""","""OP07-060""","""OP07-060""","""OP07-060""","""OP07-060""","""OP07-064""","""OP07-064""","""OP07-064""","""OP07-065""","""OP07-065""","""OP07-065""","""OP07-065""","""OP07-066""","""OP07-066""","""OP07-066""","""OP07-066""","""OP07-069""","""OP07-069""","""OP07-069""","""OP07-069""","""OP07-070""","""OP07-070""","""OP07-070""","""OP07-070""","""OP07-071""","""OP07-071""","""OP07-071""","""OP07-071""","""OP07-072""","""OP07-072""","""OP07-072""","""OP07-072""","""OP07-074""","""OP07-074""","""OP07-074""","""OP09-065""","""OP09-065""","""OP02-089""","""OP07-076""","""OP07-076""","""OP07-078""","""OP07-078""","""OP07-078"""
"""Exported from onepiecetopdecks.com""","""OP05-060""","""ST04-005""","""ST04-005""","""ST04-005""","""OP05-070""","""OP05-070""","""OP05-070""","""OP05-070""","""OP05-074""","""OP05-074""","""OP05-074""","""OP07-064""","""OP07-064""","""OP07-064""","""OP07-064""","""OP08-060""","""OP08-060""","""OP08-069""","""OP08-069""","""OP08-069""","""ST18-001""","""ST18-001""","""ST18-001""","""ST18-001""","""ST18-002""","""ST18-002""","""ST18-002""","""ST18-003""","""ST18-003""","""ST18-003""","""ST18-003""","""ST18-004""","""ST18-004""","""ST18-004""","""ST18-004""","""ST18-005""","""ST18-005""","""ST18-005""","""ST18-005""","""OP09-063""","""OP09-063""","""OP09-063""","""OP09-063""","""OP09-069""","""OP09-069""","""OP09-069""","""OP09-069""","""OP09-078""","""OP09-078""","""OP09-078""","""OP09-078"""
"""Exported from onepiecetopdecks.com""","""OP01-060""","""ST03-005""","""ST03-005""","""ST03-005""","""ST03-005""","""ST03-004""","""ST03-004""","""ST03-004""","""OP01-077""","""OP01-077""","""OP01-077""","""OP01-077""","""OP02-054""","""OP02-054""","""OP02-054""","""OP02-054""","""OP06-047""","""OP06-047""","""EB01-023""","""EB01-023""","""EB01-023""","""EB01-023""","""OP07-040""","""OP07-040""","""OP07-040""","""OP07-040""","""OP07-045""","""OP07-045""","""OP07-045""","""OP07-045""","""OP07-046""","""OP07-046""","""OP07-046""","""OP07-046""","""OP07-047""","""ST17-002""","""ST17-002""","""ST17-002""","""ST17-002""","""ST17-003""","""ST17-003""","""ST17-003""","""ST17-004""","""ST17-004""","""ST17-004""","""ST17-004""","""OP02-068""","""OP06-058""","""OP06-058""","""OP07-057""","""OP07-057"""
"""Exported from onepiecetopdecks.com""","""OP09-061""","""ST04-003""","""ST04-003""","""ST04-003""","""OP05-067""","""OP06-073""","""OP08-069""","""OP08-074""","""OP08-074""","""OP08-074""","""OP08-074""","""ST18-001""","""ST18-001""","""ST18-001""","""ST18-001""","""ST18-002""","""ST18-002""","""OP09-065""","""OP09-065""","""OP09-069""","""OP09-069""","""OP09-069""","""OP09-069""","""OP09-071""","""OP09-072""","""OP09-072""","""OP09-072""","""OP09-072""","""OP09-076""","""OP09-076""","""OP09-076""","""OP09-076""","""OP02-106""","""OP02-106""","""OP02-106""","""OP04-083""","""OP04-083""","""OP06-086""","""OP06-086""","""OP06-086""","""OP06-086""","""ST14-003""","""ST14-003""","""ST14-003""","""ST14-003""","""OP09-077""","""OP09-077""","""OP09-078""","""OP09-078""","""OP09-078""","""OP09-078"""
"""Exported from onepiecetopdecks.com""","""ST13-003""","""OP06-106""","""OP06-106""","""OP06-106""","""OP06-106""","""ST13-005""","""ST13-005""","""ST13-007""","""ST13-007""","""ST13-007""","""ST13-007""","""ST13-010""","""ST13-010""","""ST13-011""","""ST13-011""","""ST13-012""","""ST13-012""","""ST13-013""","""ST13-013""","""ST13-013""","""ST13-013""","""ST13-014""","""ST13-014""","""ST13-014""","""ST13-014""","""ST13-015""","""ST13-015""","""ST13-015""","""ST13-015""","""EB01-056""","""EB01-056""","""EB01-056""","""EB01-056""","""OP07-109""","""OP07-109""","""OP07-109""","""OP07-109""","""OP02-096""","""OP02-096""","""OP04-083""","""OP04-083""","""OP04-083""","""OP04-083""","""OP06-086""","""OP06-086""","""OP06-086""","""OP06-086""","""ST13-019""","""ST13-019""","""ST13-019""","""ST13-019"""
"""Exported from onepiecetopdecks.com""","""OP02-093""","""OP02-114""","""OP02-114""","""OP02-096""","""OP02-096""","""OP02-098""","""OP02-098""","""OP02-099""","""OP02-099""","""ST06-006""","""ST06-006""","""ST06-006""","""ST06-006""","""ST06-008""","""ST06-008""","""ST06-008""","""OP02-106""","""OP02-106""","""OP02-106""","""OP02-106""","""OP03-089""","""OP03-089""","""OP03-089""","""OP03-089""","""OP04-083""","""OP04-083""","""OP05-091""","""OP05-091""","""OP05-091""","""OP05-091""","""OP06-086""","""OP06-086""","""OP06-086""","""OP06-086""","""EB01-046""","""EB01-046""","""EB01-046""","""EB01-046""","""EB01-049""","""EB01-049""","""ST19-002""","""ST19-002""","""ST19-002""","""ST19-002""","""ST19-003""","""ST19-003""","""ST19-003""","""ST19-003""","""OP02-117""","""OP02-117""","""OP02-117"""
